StoreCode,net_sales,gross_sales,return_amount,n_rows,net_qty,rank,share_pct,cum_share_pct,return_rate_amount
1663,179354.03,255547.76,-76193.73,347,171,1,1.01,1.01,0.3
1636,178093.8,238940.13,-60846.33,312,176,2,1.0,2.0,0.25
1578,175539.89,249184.62,-73644.73,327,171,3,0.98,2.99,0.3
1507,163336.64,225164.94,-61828.3,294,158,4,0.92,3.91,0.27
1758,160826.63,206318.92,-45492.29,263,159,5,0.9,4.81,0.22
1527,160048.53,230378.19,-70329.66,309,155,6,0.9,5.7,0.31
1714,155869.68,203065.23,-47195.55,305,197,7,0.87,6.58,0.23
1806,154569.5,237416.24,-82846.74,329,143,8,0.87,7.45,0.35
1845,153429.08,188970.81,-35541.73,226,152,9,0.86,8.31,0.19
1628,150265.13,202869.12,-52603.99,258,149,10,0.84,9.15,0.26
1673,141472.48,189589.41,-48116.93,243,137,11,0.79,9.94,0.25
1688,138248.24,179835.23,-41586.99,222,126,12,0.78,10.72,0.23
1543,137776.34,175171.05,-37394.71,214,130,13,0.77,11.49,0.21
1687,136168.61,175527.75,-39359.14,226,140,14,0.76,12.25,0.22
1552,130917.52,164219.06,-33301.54,192,124,15,0.73,12.99,0.2
1828,126465.59,170003.57,-43537.98,215,123,16,0.71,13.7,0.26
1666,125325.56,217093.67,-91768.11,328,132,17,0.7,14.4,0.42
1618,124012.67,164878.78,-40866.11,210,120,18,0.7,15.1,0.25
1631,122009.22,172794.97,-50785.75,227,120,19,0.68,15.78,0.29
1803,117070.42,160441.2,-43370.78,212,116,20,0.66,16.44,0.27
1694,116991.47,167239.08,-50247.61,278,145,21,0.66,17.09,0.3
1641,112277.15,148662.63,-36385.48,187,107,22,0.63,17.72,0.24
1871,111689.04,150345.37,-38656.33,200,114,23,0.63,18.35,0.26
1811,110792.54,141139.8,-30347.26,177,111,24,0.62,18.97,0.22
1605,110722.57,144792.69,-34070.12,195,113,25,0.62,19.59,0.24
1576,110627.89,145980.18,-35352.29,182,108,26,0.62,20.21,0.24
1696,109390.61,159345.33,-49954.72,210,104,27,0.61,20.83,0.31
1838,108464.0,138843.61,-30379.61,171,105,28,0.61,21.43,0.22
1516,107881.57,140634.91,-32753.34,176,104,29,0.61,22.04,0.23
1650,106083.63,137915.13,-31831.5,168,102,30,0.59,22.63,0.23
1939,105327.73,147498.2,-42170.47,189,99,31,0.59,23.22,0.29
1922,104925.73,167327.35,-62401.62,243,103,32,0.59,23.81,0.37
1864,104471.71,170745.03,-66273.32,245,97,33,0.59,24.4,0.39
1807,103582.72,153711.93,-50129.21,212,102,34,0.58,24.98,0.33
1581,103329.5,150409.38,-47079.88,199,101,35,0.58,25.56,0.31
1873,102276.22,146380.68,-44104.46,196,102,36,0.57,26.13,0.3
1517,101349.8,137748.86,-36399.06,179,99,37,0.57,26.7,0.26
1575,99215.29,153441.16,-54225.87,217,95,38,0.56,27.26,0.35
1870,94957.18,130158.96,-35201.78,168,94,39,0.53,27.79,0.27
1915,93545.3,149194.13,-55648.83,208,88,40,0.52,28.31,0.37
1936,92655.58,129147.39,-36491.81,174,92,41,0.52,28.83,0.28
1825,92519.77,137520.08,-45000.31,192,96,42,0.52,29.35,0.33
1646,92274.73,122354.45,-30079.72,173,103,43,0.52,29.87,0.25
1885,92088.08,131480.63,-39392.55,179,93,44,0.52,30.39,0.3
1855,89171.75,135213.43,-46041.68,188,86,45,0.5,30.89,0.34
1734,88436.41,128290.29,-39853.88,196,106,46,0.5,31.38,0.31
1651,88313.6,108185.57,-19871.97,132,88,47,0.5,31.88,0.18
1823,88235.83,129883.36,-41647.53,177,85,48,0.49,32.37,0.32
1775,88055.77,130102.43,-42046.66,183,85,49,0.49,32.87,0.32
1647,86694.86,122944.84,-36249.98,165,85,50,0.49,33.35,0.29
1894,86633.93,99322.72,-12688.79,118,90,51,0.49,33.84,0.13
1533,85930.33,141043.45,-55113.12,198,82,52,0.48,34.32,0.39
1677,85564.78,134609.55,-49044.77,199,87,53,0.48,34.8,0.36
1556,85096.87,131679.73,-46582.86,185,83,54,0.48,35.28,0.35
1813,84809.11,122355.73,-37546.62,167,85,55,0.48,35.75,0.31
1559,84424.0,112888.64,-28464.64,151,85,56,0.47,36.23,0.25
1621,83329.95,124987.56,-41657.61,170,80,57,0.47,36.7,0.33
1814,82366.72,138808.32,-56441.6,206,76,58,0.46,37.16,0.41
1658,81747.71,111550.0,-29802.29,147,83,59,0.46,37.62,0.27
1608,81056.06,113128.59,-32072.53,148,75,60,0.45,38.07,0.28
1826,81051.15,115380.7,-34329.55,164,86,61,0.45,38.52,0.3
1801,81029.19,103700.95,-22671.76,130,78,62,0.45,38.98,0.22
1667,80651.04,113921.74,-33270.7,157,81,63,0.45,39.43,0.29
1820,80271.33,99529.14,-19257.81,124,84,64,0.45,39.88,0.19
1561,79852.38,125141.14,-45288.76,172,76,65,0.45,40.33,0.36
1810,79619.61,109930.01,-30310.4,146,82,66,0.45,40.78,0.28
1892,79505.52,104986.3,-25480.78,135,77,67,0.45,41.22,0.24
1844,79058.42,128636.85,-49578.43,188,78,68,0.44,41.67,0.39
1935,79009.23,114375.58,-35366.35,164,84,69,0.44,42.11,0.31
1570,78794.07,123345.6,-44551.53,173,76,70,0.44,42.55,0.36
1822,78362.79,113657.18,-35294.39,157,79,71,0.44,42.99,0.31
1637,76573.03,105329.7,-28756.67,140,75,72,0.43,43.42,0.27
1856,76559.59,102308.47,-25748.88,131,75,73,0.43,43.85,0.25
1839,75995.17,91986.52,-15991.35,114,78,74,0.43,44.27,0.17
1777,72594.03,113313.84,-40719.81,165,75,75,0.41,44.68,0.36
1932,72374.07,93055.66,-20681.59,118,75,76,0.41,45.09,0.22
1655,71645.18,95324.37,-23679.19,120,67,77,0.4,45.49,0.25
1614,71287.12,97403.19,-26116.07,127,73,78,0.4,45.89,0.27
1662,70905.58,99238.06,-28332.48,128,66,79,0.4,46.29,0.29
1848,69992.65,97348.21,-27355.56,130,70,80,0.39,46.68,0.28
1857,69683.04,87038.35,-17355.31,107,71,81,0.39,47.07,0.2
1911,69353.11,88818.45,-19465.34,114,70,82,0.39,47.46,0.22
1674,68584.7,103244.52,-34659.82,144,70,83,0.38,47.84,0.34
1842,68570.9,85585.49,-17014.59,104,68,84,0.38,48.23,0.2
1579,68454.67,96998.79,-28544.12,128,64,85,0.38,48.61,0.29
1625,68335.97,91141.54,-22805.57,115,65,86,0.38,49.0,0.25
1551,67798.11,81040.7,-13242.59,94,66,87,0.38,49.38,0.16
1675,67796.04,86158.12,-18362.08,109,67,88,0.38,49.76,0.21
1896,67345.78,90150.15,-22804.37,117,69,89,0.38,50.13,0.25
1837,67311.83,113415.86,-46104.03,164,67,90,0.38,50.51,0.41
1766,67053.92,83053.08,-15999.16,106,72,91,0.38,50.89,0.19
1665,66783.88,90833.72,-24049.84,118,62,92,0.37,51.26,0.26
1715,66503.7,75888.74,-9385.04,95,73,93,0.37,51.64,0.12
1914,65952.58,85422.64,-19470.06,109,65,94,0.37,52.01,0.23
1678,65036.95,113945.41,-48908.46,171,61,95,0.36,52.37,0.43
1906,64797.96,95860.02,-31062.06,131,63,96,0.36,52.73,0.32
1557,64073.88,81112.23,-17038.35,99,61,97,0.36,53.09,0.21
1769,63743.07,76091.27,-12348.2,88,62,98,0.36,53.45,0.16
1913,63601.98,100174.7,-36572.72,143,59,99,0.36,53.81,0.37
1519,63275.16,90902.23,-27627.07,117,59,100,0.35,54.16,0.3
1638,63118.99,88562.43,-25443.44,115,63,101,0.35,54.52,0.29
1574,62827.18,83802.39,-20975.21,108,58,102,0.35,54.87,0.25
1593,62336.26,89900.19,-27563.93,121,61,103,0.35,55.22,0.31
1852,61800.78,90706.54,-28905.76,122,60,104,0.35,55.56,0.32
1654,61318.7,84084.77,-22766.07,109,61,105,0.34,55.91,0.27
1671,60704.83,75459.52,-14754.69,90,59,106,0.34,56.25,0.2
1750,60041.99,73841.86,-13799.87,91,63,107,0.34,56.59,0.19
1923,60007.88,126652.83,-66644.95,203,51,108,0.34,56.92,0.53
1759,59658.47,70048.36,-10389.89,90,64,109,0.33,57.26,0.15
1555,59652.0,95940.48,-36288.48,141,59,110,0.33,57.59,0.38
1699,59100.86,110657.21,-51556.35,176,60,111,0.33,57.92,0.47
1835,58950.29,77131.92,-18181.63,98,60,112,0.33,58.25,0.24
1882,58934.64,75421.97,-16487.33,95,59,113,0.33,58.58,0.22
1630,58772.28,80102.38,-21330.1,104,58,114,0.33,58.91,0.27
1847,58556.01,69083.16,-10527.15,85,59,115,0.33,59.24,0.15
1760,58514.34,78866.58,-20352.24,105,55,116,0.33,59.57,0.26
1640,58512.96,101039.73,-42526.77,144,58,117,0.33,59.9,0.42
1689,58345.65,78934.98,-20589.33,101,56,118,0.33,60.23,0.26
1624,58035.71,86460.44,-28424.73,118,54,119,0.33,60.55,0.33
1644,58017.13,68362.47,-10345.34,82,58,120,0.33,60.88,0.15
1669,57251.34,73704.81,-16453.47,104,66,121,0.32,61.2,0.22
1743,56935.14,72403.75,-15468.61,93,59,122,0.32,61.52,0.21
1789,56591.03,72004.25,-15413.22,105,65,123,0.32,61.83,0.21
1681,56402.04,70700.34,-14298.3,85,57,124,0.32,62.15,0.2
1910,55651.71,77291.39,-21639.68,101,55,125,0.31,62.46,0.28
1542,54928.5,91578.17,-36649.67,134,56,126,0.31,62.77,0.4
1626,54823.4,75974.33,-21150.93,102,52,127,0.31,63.08,0.28
1538,54735.71,99038.29,-44302.58,144,52,128,0.31,63.38,0.45
1818,54398.68,83374.84,-28976.16,143,69,129,0.31,63.69,0.35
1883,53964.76,69817.65,-15852.89,90,54,130,0.3,63.99,0.23
1545,53687.43,83877.68,-30190.25,124,56,131,0.3,64.29,0.36
1686,53646.29,67306.17,-13659.88,95,59,132,0.3,64.59,0.2
1840,53427.66,87209.47,-33781.81,129,57,133,0.3,64.89,0.39
1660,52895.22,74406.41,-21511.19,99,51,134,0.3,65.19,0.29
1652,52637.98,73049.12,-20411.14,130,68,135,0.3,65.49,0.28
1549,52492.88,80133.88,-27641.0,109,51,136,0.29,65.78,0.34
1732,51821.82,59631.98,-7810.16,67,51,137,0.29,66.07,0.13
1867,51738.32,88491.92,-36753.6,132,52,138,0.29,66.36,0.42
1874,51358.4,72957.75,-21599.35,99,49,139,0.29,66.65,0.3
1657,51243.91,74550.65,-23306.74,108,52,140,0.29,66.94,0.31
1879,50813.15,81385.11,-30571.96,123,53,141,0.28,67.22,0.38
1919,50666.85,77136.75,-26469.9,111,49,142,0.28,67.51,0.34
1692,50311.55,68985.62,-18674.07,88,48,143,0.28,67.79,0.27
1747,50214.13,57732.22,-7518.09,71,53,144,0.28,68.07,0.13
1824,49932.74,58953.61,-9020.87,69,49,145,0.28,68.35,0.15
1744,49927.61,67378.23,-17450.62,94,48,146,0.28,68.63,0.26
1661,49821.18,70949.83,-21128.65,98,48,147,0.28,68.91,0.3
1632,49555.61,68770.8,-19215.19,93,49,148,0.28,69.19,0.28
1920,49290.84,65031.58,-15740.74,84,50,149,0.28,69.46,0.24
1514,48874.29,70486.21,-21611.92,94,50,150,0.27,69.74,0.31
1596,47895.46,56263.28,-8367.82,64,46,151,0.27,70.01,0.15
1690,47223.16,72250.21,-25027.05,97,47,152,0.26,70.27,0.35
1712,47174.8,67036.78,-19861.98,97,49,153,0.26,70.54,0.3
1679,47101.33,78721.76,-31620.43,116,46,154,0.26,70.8,0.4
1834,47038.91,67133.9,-20094.99,88,46,155,0.26,71.06,0.3
1616,46946.69,76317.92,-29371.23,113,45,156,0.26,71.33,0.38
1925,46894.3,59525.18,-12630.88,76,46,157,0.26,71.59,0.21
1540,46512.13,77264.56,-30752.43,110,44,158,0.26,71.85,0.4
1860,46383.61,62892.09,-16508.48,83,45,159,0.26,72.11,0.26
1619,45966.18,58238.97,-12272.79,78,50,160,0.26,72.37,0.21
1553,45491.06,59646.4,-14155.34,77,45,161,0.26,72.62,0.24
1909,45478.89,67021.92,-21543.03,94,44,162,0.26,72.88,0.32
1546,45148.49,55937.31,-10788.82,67,45,163,0.25,73.13,0.19
1898,44914.37,53326.09,-8411.72,63,43,164,0.25,73.38,0.16
1502,44594.65,60938.71,-16344.06,74,42,165,0.25,73.63,0.27
1780,44140.85,60887.97,-16747.12,78,42,166,0.25,73.88,0.28
1764,44125.35,71408.99,-27283.64,107,45,167,0.25,74.13,0.38
1594,43980.68,52953.32,-8972.64,62,44,168,0.25,74.38,0.17
1558,43977.98,76737.09,-32759.11,112,44,169,0.25,74.62,0.43
1912,43579.0,64239.97,-20660.97,88,44,170,0.24,74.87,0.32
1843,43478.38,69386.32,-25907.94,100,44,171,0.24,75.11,0.37
1524,43319.4,63175.03,-19855.63,85,43,172,0.24,75.35,0.31
1812,43206.18,66260.48,-23054.3,94,46,173,0.24,75.6,0.35
1693,43001.79,63790.83,-20789.04,90,42,174,0.24,75.84,0.33
1853,42979.34,54797.87,-11818.53,73,43,175,0.24,76.08,0.22
1547,42897.16,52108.89,-9211.73,64,44,176,0.24,76.32,0.18
1938,42542.91,62739.82,-20196.91,89,43,177,0.24,76.56,0.32
1751,42064.8,73669.72,-31604.92,124,46,178,0.24,76.79,0.43
1649,42051.21,60144.44,-18093.23,91,45,179,0.24,77.03,0.3
1518,41888.94,65499.29,-23610.35,94,40,180,0.23,77.26,0.36
1931,41866.33,65266.26,-23399.93,95,43,181,0.23,77.5,0.36
1716,41742.72,54781.3,-13038.58,72,42,182,0.23,77.73,0.24
1863,41552.69,62436.19,-20883.5,88,44,183,0.23,77.97,0.33
1917,41425.03,49160.77,-7735.74,67,50,184,0.23,78.2,0.16
1523,40977.98,60064.87,-19086.89,80,40,185,0.23,78.43,0.32
1804,40826.74,55407.7,-14580.96,75,41,186,0.23,78.66,0.26
1718,40610.87,57481.34,-16870.47,80,42,187,0.23,78.88,0.29
1566,40555.93,56353.93,-15798.0,72,36,188,0.23,79.11,0.28
1829,40015.74,54175.2,-14159.46,72,38,189,0.22,79.34,0.26
1817,39967.8,55265.56,-15297.76,73,39,190,0.22,79.56,0.28
1802,39894.95,65660.36,-25765.41,99,39,191,0.22,79.78,0.39
1505,39870.8,52092.71,-12221.91,63,39,192,0.22,80.01,0.23
1653,39457.51,50911.93,-11454.42,65,41,193,0.22,80.23,0.22
1836,39180.82,56736.77,-17555.95,79,39,194,0.22,80.45,0.31
1508,39131.75,51577.08,-12445.33,68,42,195,0.22,80.67,0.24
1748,38691.55,47514.89,-8823.34,62,44,196,0.22,80.89,0.19
1849,38634.75,67414.66,-28779.91,103,39,197,0.22,81.1,0.43
1926,38524.05,57017.75,-18493.7,82,38,198,0.22,81.32,0.32
1534,38324.87,60932.97,-22608.1,88,38,199,0.21,81.53,0.37
1889,37790.03,52703.59,-14913.56,69,37,200,0.21,81.75,0.28
1512,37736.24,43372.55,-5636.31,52,40,201,0.21,81.96,0.13
1921,37400.66,61066.89,-23666.23,91,35,202,0.21,82.17,0.39
1940,36618.44,48527.39,-11908.95,63,37,203,0.21,82.37,0.25
1535,36472.79,44689.36,-8216.57,54,34,204,0.2,82.58,0.18
1521,36393.55,50097.96,-13704.41,64,36,205,0.2,82.78,0.27
1525,36012.65,54486.78,-18474.13,77,35,206,0.2,82.98,0.34
1588,35807.59,46646.62,-10839.03,59,35,207,0.2,83.18,0.23
1659,35664.79,61106.44,-25441.65,97,39,208,0.2,83.38,0.42
1763,35656.37,45601.73,-9945.36,62,43,209,0.2,83.58,0.22
1565,35588.58,54722.11,-19133.53,84,45,210,0.2,83.78,0.35
1739,35389.08,37306.9,-1917.82,51,47,211,0.2,83.98,0.05
1941,35262.05,61362.87,-26100.82,92,32,212,0.2,84.18,0.43
1930,35125.12,50239.53,-15114.41,69,35,213,0.2,84.38,0.3
1713,35107.24,44515.21,-9407.97,59,35,214,0.2,84.57,0.21
1872,34883.25,45236.09,-10352.84,63,39,215,0.2,84.77,0.23
1572,34840.96,39331.82,-4490.86,47,37,216,0.2,84.96,0.11
1831,34515.79,53831.05,-19315.26,73,33,217,0.19,85.16,0.36
1643,34419.19,51500.81,-17081.62,70,32,218,0.19,85.35,0.33
1907,34400.06,47101.85,-12701.79,59,35,219,0.19,85.54,0.27
1532,34170.4,48142.94,-13972.54,78,42,220,0.19,85.74,0.29
1937,34156.11,45164.68,-11008.57,59,35,221,0.19,85.93,0.24
1765,33393.44,40494.86,-7101.42,48,32,222,0.19,86.11,0.18
1623,33143.24,42244.0,-9100.76,54,34,223,0.19,86.3,0.22
1776,32306.55,42388.27,-10081.72,60,38,224,0.18,86.48,0.24
1591,32069.07,45584.7,-13515.63,63,33,225,0.18,86.66,0.3
1706,31948.14,39097.74,-7149.6,52,34,226,0.18,86.84,0.18
1541,31517.08,40774.79,-9257.71,51,29,227,0.18,87.02,0.23
1850,31400.24,45503.79,-14103.55,62,32,228,0.18,87.19,0.31
1791,31270.83,37475.91,-6205.08,49,33,229,0.18,87.37,0.17
1536,31120.83,45690.72,-14569.89,60,28,230,0.17,87.54,0.32
1877,30916.92,41807.72,-10890.8,57,33,231,0.17,87.72,0.26
1684,30837.25,56236.78,-25399.53,90,32,232,0.17,87.89,0.45
1509,30708.92,55220.92,-24512.0,86,32,233,0.17,88.06,0.44
1895,30668.99,38465.15,-7796.16,48,32,234,0.17,88.23,0.2
1897,30467.74,36017.68,-5549.94,42,30,235,0.17,88.4,0.15
1788,30350.5,40160.86,-9810.36,53,31,236,0.17,88.57,0.24
1854,29639.71,40841.44,-11201.73,63,39,237,0.17,88.74,0.27
1887,29630.49,37157.69,-7527.2,44,28,238,0.17,88.91,0.2
1832,29129.63,40048.91,-10919.28,57,31,239,0.16,89.07,0.27
1861,28893.3,38387.07,-9493.77,50,28,240,0.16,89.23,0.25
1520,28852.47,51083.88,-22231.41,81,31,241,0.16,89.39,0.44
1908,28665.36,39319.78,-10654.42,53,29,242,0.16,89.56,0.27
1680,28560.65,44329.63,-15768.98,70,32,243,0.16,89.72,0.36
1612,28396.98,35139.59,-6742.61,44,28,244,0.16,89.87,0.19
1603,28195.91,47981.17,-19785.26,72,26,245,0.16,90.03,0.41
1548,28163.13,43663.57,-15500.44,63,29,246,0.16,90.19,0.36
1597,27924.27,40017.22,-12092.95,54,28,247,0.16,90.35,0.3
1639,27916.39,31044.16,-3127.77,35,27,248,0.16,90.5,0.1
1585,27611.06,37779.95,-10168.89,52,28,249,0.15,90.66,0.27
1754,27603.71,28471.33,-867.62,36,32,250,0.15,90.81,0.03
1554,27537.56,29210.26,-1672.7,32,26,251,0.15,90.97,0.06
1927,27426.09,47525.89,-20099.8,69,29,252,0.15,91.12,0.42
1695,27375.51,42523.49,-15147.98,59,25,253,0.15,91.28,0.36
1583,26971.3,35106.81,-8135.51,47,27,254,0.15,91.43,0.23
1884,26657.56,47482.04,-20824.48,76,28,255,0.15,91.58,0.44
1550,26258.41,45914.06,-19655.65,66,24,256,0.15,91.72,0.43
1634,26220.74,30742.7,-4521.96,33,25,257,0.15,91.87,0.15
1504,26026.48,41927.86,-15901.38,61,25,258,0.15,92.02,0.38
1573,26018.44,37786.49,-11768.05,54,28,259,0.15,92.16,0.31
1590,25464.66,42041.08,-16576.42,58,24,260,0.14,92.31,0.39
1924,25359.52,27359.5,-1999.98,29,25,261,0.14,92.45,0.07
1929,25321.61,30409.28,-5087.67,36,24,262,0.14,92.59,0.17
1676,25222.59,48384.47,-23161.88,78,28,263,0.14,92.73,0.48
1762,24882.57,32191.58,-7309.01,42,26,264,0.14,92.87,0.23
1592,24591.22,34745.67,-10154.45,46,26,265,0.14,93.01,0.29
1501,24417.02,40662.32,-16245.3,56,25,266,0.14,93.15,0.4
1888,24190.94,27281.81,-3090.87,31,23,267,0.14,93.28,0.11
1833,24063.2,39932.08,-15868.88,58,24,268,0.13,93.42,0.4
1607,23354.36,39821.25,-16466.89,63,25,269,0.13,93.55,0.41
1513,23140.07,44101.79,-20961.72,69,21,270,0.13,93.68,0.48
1529,22713.31,34804.31,-12091.0,49,21,271,0.13,93.8,0.35
1704,22642.2,25365.53,-2723.33,30,24,272,0.13,93.93,0.11
1711,22514.02,28013.96,-5499.94,42,30,273,0.13,94.06,0.2
1753,22156.18,25792.5,-3636.32,32,22,274,0.12,94.18,0.14
1768,22059.41,25417.91,-3358.5,44,33,275,0.12,94.31,0.13
1539,21917.14,27644.35,-5727.21,34,22,276,0.12,94.43,0.21
1544,21252.41,38632.52,-17380.11,59,23,277,0.12,94.55,0.45
1790,21089.46,26738.42,-5648.96,38,24,278,0.12,94.67,0.21
1717,20929.02,27733.56,-6804.54,37,21,279,0.12,94.78,0.25
1633,20878.9,23480.07,-2601.17,28,22,280,0.12,94.9,0.11
1670,20526.24,29631.06,-9104.82,44,22,281,0.12,95.02,0.31
1627,20492.68,31202.68,-10710.0,43,19,282,0.11,95.13,0.34
1595,20270.46,36891.89,-16621.43,56,18,283,0.11,95.24,0.45
1582,19641.89,37211.86,-17569.97,58,20,284,0.11,95.35,0.47
1755,19520.28,36640.69,-17120.41,69,23,285,0.11,95.46,0.47
1698,19460.7,29218.49,-9757.79,43,19,286,0.11,95.57,0.33
1648,19076.1,22433.38,-3357.28,28,20,287,0.11,95.68,0.15
1933,18983.35,24410.94,-5427.59,32,20,288,0.11,95.79,0.22
1878,18866.34,23935.35,-5069.01,32,20,289,0.11,95.89,0.21
1900,18831.32,26122.17,-7290.85,34,20,290,0.11,96.0,0.28
1580,18661.01,30229.09,-11568.08,41,20,291,0.1,96.1,0.38
1869,18484.36,36200.89,-17716.53,59,17,292,0.1,96.21,0.49
1779,18360.03,24687.24,-6327.21,32,18,293,0.1,96.31,0.26
1710,18018.27,18018.27,0.0,19,19,294,0.1,96.41,0.0
1742,17487.93,18361.88,-873.95,21,19,295,0.1,96.51,0.05
1567,17466.21,26547.36,-9081.15,38,18,296,0.1,96.61,0.34
1880,17230.5,26648.58,-9418.08,37,18,297,0.1,96.7,0.35
1770,17148.42,17148.42,0.0,19,19,298,0.1,96.8,0.0
1584,16915.28,25126.24,-8210.96,37,15,299,0.09,96.89,0.33
1785,16881.72,22008.95,-5127.23,28,19,300,0.09,96.99,0.23
1635,16531.19,21094.77,-4563.58,27,17,301,0.09,97.08,0.22
1571,16454.98,26239.74,-9784.76,38,18,302,0.09,97.17,0.37
1858,16275.46,27454.77,-11179.31,47,19,303,0.09,97.26,0.41
1604,16188.39,25833.74,-9645.35,37,15,304,0.09,97.36,0.37
1918,16165.19,22246.07,-6080.88,41,23,305,0.09,97.45,0.27
1522,16060.84,26692.56,-10631.72,38,16,306,0.09,97.54,0.4
1851,15495.37,30056.75,-14561.38,56,21,307,0.09,97.62,0.48
1587,15280.11,22322.97,-7042.86,31,17,308,0.09,97.71,0.32
1886,15237.17,32634.7,-17397.53,54,16,309,0.09,97.79,0.53
1720,14845.3,21717.95,-6872.65,32,16,310,0.08,97.88,0.32
1629,14388.55,15301.2,-912.65,15,13,311,0.08,97.96,0.06
1569,14178.74,21743.37,-7564.63,30,14,312,0.08,98.04,0.35
1761,14015.85,34158.37,-20142.52,57,13,313,0.08,98.12,0.59
1568,13843.42,21799.7,-7956.28,33,13,314,0.08,98.19,0.36
1642,13827.14,23886.73,-10059.59,36,14,315,0.08,98.27,0.42
1784,13552.6,19691.41,-6138.81,28,14,316,0.08,98.35,0.31
1609,13391.35,18848.79,-5457.44,22,12,317,0.08,98.42,0.29
1719,13247.03,15857.39,-2610.36,21,13,318,0.07,98.5,0.16
1515,13150.09,18104.59,-4954.5,24,14,319,0.07,98.57,0.27
1733,12998.45,16362.06,-3363.61,23,17,320,0.07,98.64,0.21
1781,12963.87,13782.04,-818.17,16,14,321,0.07,98.72,0.06
1531,12745.66,17873.96,-5128.3,24,14,322,0.07,98.79,0.29
1881,12439.2,26060.36,-13621.16,48,16,323,0.07,98.86,0.52
1724,12236.77,19463.98,-7227.21,27,13,324,0.07,98.93,0.37
1934,12170.77,24225.2,-12054.43,38,14,325,0.07,98.99,0.5
1600,11984.58,20911.77,-8927.19,31,13,326,0.07,99.06,0.43
1893,11769.52,16143.21,-4373.69,21,11,327,0.07,99.13,0.27
1792,11486.48,12968.28,-1481.8,19,15,328,0.06,99.19,0.11
1697,9767.5,9767.5,0.0,9,9,329,0.05,99.25,0.0
1611,9139.52,10884.96,-1745.44,13,9,330,0.05,99.3,0.16
1745,8963.65,12499.96,-3536.31,19,9,331,0.05,99.35,0.28
1901,8961.16,8961.16,0.0,4,4,332,0.05,99.4,0.0
1601,8689.88,14962.55,-6272.67,21,9,333,0.05,99.45,0.42
1562,8473.98,13564.84,-5090.86,19,9,334,0.05,99.49,0.38
1656,8267.89,11131.72,-2863.83,14,8,335,0.05,99.54,0.26
1787,8237.32,12510.01,-4272.69,16,8,336,0.05,99.59,0.34
1723,8143.4,9325.21,-1181.81,12,10,337,0.05,99.63,0.13
1702,8065.5,9927.19,-1861.69,11,7,338,0.05,99.68,0.19
1682,7362.52,8612.51,-1249.99,11,7,339,0.04,99.72,0.15
1668,7084.48,13963.35,-6878.87,26,10,340,0.04,99.76,0.49
1528,7023.79,13232.79,-6209.0,23,7,341,0.04,99.8,0.47
1617,6711.65,7538.91,-827.26,8,6,342,0.04,99.84,0.11
1683,6541.23,17076.25,-10535.02,29,7,343,0.04,99.87,0.62
1664,5395.63,6778.13,-1382.5,8,4,344,0.03,99.9,0.2
1783,5286.93,9659.61,-4372.68,16,6,345,0.03,99.93,0.45
1705,3430.89,3430.89,0.0,3,3,346,0.02,99.95,0.0
1707,3177.52,3177.52,0.0,6,6,347,0.02,99.97,0.0
1610,2905.14,5440.97,-2535.83,9,3,348,0.02,99.99,0.47
1606,1272.72,1272.72,0.0,1,1,349,0.01,99.99,0.0
1691,1181.81,1181.81,0.0,1,1,350,0.01,100.0,0.0
