fit_group,year_month,net_sales,net_qty,gross_sales,return_amount,n_rows,return_rate_amount,share_of_month_pct
Straight,2024-02,7930.86,8,20867.98,-12937.12,40,0.62,1.01
Straight,2024-03,473.1,-2,17837.37,-17364.27,48,0.97,0.04
Straight,2024-04,38294.25,43,107162.22,-68867.97,207,0.64,3.5
Straight,2024-05,78214.39,80,148269.17,-70054.78,234,0.47,13.64
Straight,2024-06,320162.72,323,456611.75,-136449.03,627,0.3,21.09
Straight,2024-07,224816.78,220,341708.08,-116891.3,463,0.34,27.31
Straight,2024-08,520404.35,501,644733.42,-124329.07,749,0.19,33.53
Straight,2024-09,626492.85,581,798124.3,-171631.45,913,0.22,22.66
Straight,2024-10,751788.96,741,1034933.32,-283144.36,1305,0.27,31.25
Straight,2024-11,753940.29,727,951730.71,-197790.42,1115,0.21,39.68
Straight,2024-12,415502.25,373,584096.04,-168593.79,703,0.29,26.99
Straight,2025-01,561751.83,491,711206.4,-149454.57,766,0.21,31.76
Flare,2024-02,65234.43,72,159723.44,-94489.01,320,0.59,8.3
Flare,2024-03,87328.39,102,165693.89,-78365.5,306,0.47,7.91
Flare,2024-04,20769.02,25,96819.96,-76050.94,215,0.79,1.9
Flare,2024-05,76866.33,89,153132.44,-76266.11,275,0.5,13.41
Flare,2024-06,230641.39,255,347231.63,-116590.24,531,0.34,15.19
Flare,2024-07,74358.53,74,168952.72,-94594.19,302,0.56,9.03
Flare,2024-08,211923.39,216,301944.67,-90021.28,418,0.3,13.65
Flare,2024-09,601964.54,568,742505.3,-140540.76,864,0.19,21.78
Flare,2024-10,423716.27,421,611310.35,-187594.08,819,0.31,17.61
Flare,2024-11,552685.57,555,686381.67,-133696.1,831,0.19,29.09
Flare,2024-12,276426.56,247,420696.9,-144270.34,551,0.34,17.96
Flare,2025-01,557780.68,478,677720.04,-119939.36,704,0.18,31.54
Mom,2024-02,113759.98,161,165721.64,-51961.66,305,0.31,14.48
Mom,2024-03,132312.67,170,211339.94,-79027.27,371,0.37,11.98
Mom,2024-04,136042.82,170,293275.99,-157233.17,560,0.54,12.42
Mom,2024-05,93841.42,107,215610.3,-121768.88,420,0.56,16.37
Mom,2024-06,387261.49,453,611589.22,-224327.73,1004,0.37,25.51
Mom,2024-07,261803.54,381,437242.37,-175438.83,849,0.4,31.8
Mom,2024-08,380635.51,490,515424.41,-134788.9,840,0.26,24.52
Mom,2024-09,429554.95,456,584920.6,-155365.65,846,0.27,15.54
Mom,2024-10,416231.67,451,606532.69,-190301.02,908,0.31,17.3
Mom,2024-11,123385.74,135,239838.12,-116452.38,405,0.49,6.49
Mom,2024-12,100517.78,105,184312.98,-83795.2,303,0.45,6.53
Mom,2025-01,53933.98,49,127589.75,-73655.77,217,0.58,3.05
Wide Leg,2024-02,9299.76,10,30859.66,-21559.9,64,0.7,1.18
Wide Leg,2024-03,123924.33,134,148491.94,-24567.61,202,0.17,11.22
Wide Leg,2024-04,225453.98,237,255580.87,-30126.89,315,0.12,20.58
Wide Leg,2024-05,75258.11,71,118197.95,-42939.84,169,0.36,13.12
Wide Leg,2024-06,186139.88,185,297535.11,-111395.23,411,0.37,12.26
Wide Leg,2024-07,72353.08,76,133041.41,-60688.33,216,0.46,8.79
Wide Leg,2024-08,231427.28,215,282268.44,-50841.16,315,0.18,14.91
Wide Leg,2024-09,491133.82,429,594720.61,-103586.79,623,0.17,17.77
Wide Leg,2024-10,310409.03,274,469279.85,-158870.82,570,0.34,12.9
Wide Leg,2024-11,219512.29,202,329016.51,-109504.22,408,0.33,11.55
Wide Leg,2024-12,307374.73,270,420087.05,-112712.32,480,0.27,19.97
Wide Leg,2025-01,263521.59,223,358008.12,-94486.53,385,0.26,14.9
Super Skinny,2024-02,177618.43,231,227268.9,-49650.47,364,0.22,22.61
Super Skinny,2024-03,182323.71,230,234547.37,-52223.66,366,0.22,16.51
Super Skinny,2024-04,282165.08,343,346740.65,-64575.57,508,0.19,25.76
Super Skinny,2024-05,95771.14,113,144027.6,-48256.46,245,0.34,16.7
Super Skinny,2024-06,106354.29,127,158490.15,-52135.86,258,0.33,7.01
Super Skinny,2024-07,28912.06,28,76734.04,-47821.98,154,0.62,3.51
Super Skinny,2024-08,24789.33,34,54464.14,-29674.81,104,0.54,1.6
Super Skinny,2024-09,221484.3,186,287590.96,-66106.66,333,0.23,8.01
Super Skinny,2024-10,209656.16,175,293694.49,-84038.33,363,0.29,8.71
Super Skinny,2024-11,89891.02,89,149699.32,-59808.3,206,0.4,4.73
Super Skinny,2024-12,268733.69,244,335948.23,-67214.54,374,0.2,17.46
Super Skinny,2025-01,101916.79,92,180288.83,-78372.04,235,0.43,5.76
Slim Straight,2024-02,278305.25,309,305637.64,-27332.39,373,0.09,35.42
Slim Straight,2024-03,442431.22,497,492358.51,-49927.29,609,0.1,40.05
Slim Straight,2024-04,240873.38,264,293456.47,-52583.09,386,0.18,21.99
Slim Straight,2024-05,66750.27,64,104974.45,-38224.18,152,0.36,11.64
Slim Straight,2024-06,101098.73,99,183568.43,-82469.7,285,0.45,6.66
Slim Straight,2024-07,72122.48,82,127700.2,-55577.72,214,0.44,8.76
Slim Straight,2024-08,49354.84,45,85413.62,-36058.78,141,0.42,3.18
Slim Straight,2024-09,110999.12,98,157898.62,-46899.5,202,0.3,4.02
Slim Straight,2024-10,95659.45,88,138803.64,-43144.19,186,0.31,3.98
Slim Straight,2024-11,40371.51,39,66928.36,-26556.85,95,0.4,2.12
Slim Straight,2024-12,42405.65,39,71685.55,-29279.9,99,0.41,2.76
Slim Straight,2025-01,18418.34,17,28490.67,-10072.33,37,0.35,1.04
Other,2024-02,133587.26,120,195471.02,-61883.76,258,0.32,17.0
Other,2024-03,135773.28,147,182422.38,-46649.1,259,0.26,12.29
Other,2024-04,151734.88,149,209136.31,-57401.43,283,0.27,13.85
Other,2024-05,86708.27,74,130493.05,-43784.78,180,0.34,15.12
Other,2024-06,186235.19,187,248966.5,-62731.31,318,0.25,12.27
Other,2024-07,88983.06,87,150076.87,-61093.81,232,0.41,10.81
Other,2024-08,133737.67,140,192307.6,-58569.93,264,0.3,8.62
Other,2024-09,282662.26,248,372608.57,-89946.31,420,0.24,10.23
Other,2024-10,198389.03,188,290070.57,-91681.54,368,0.32,8.25
Other,2024-11,120310.01,108,176616.04,-56306.03,218,0.32,6.33
Other,2024-12,128251.75,113,178568.84,-50317.09,219,0.28,8.33
Other,2025-01,211154.4,184,255134.07,-43979.67,270,0.17,11.94
