date,year,quarter,month,year_month,month_name_tr,day,day_of_year,day_of_week,day_name_tr,iso_week,iso_year_week,is_weekend,is_month_end,has_sales
2024-02-01,2024,1,2,2024-02,Şubat,1,32,3,Perşembe,5,2024-W05,False,False,True
2024-02-02,2024,1,2,2024-02,Şubat,2,33,4,Cuma,5,2024-W05,False,False,True
2024-02-03,2024,1,2,2024-02,Şubat,3,34,5,Cumartesi,5,2024-W05,True,False,True
2024-02-04,2024,1,2,2024-02,Şubat,4,35,6,Pazar,5,2024-W05,True,False,True
2024-02-05,2024,1,2,2024-02,Şubat,5,36,0,Pazartesi,6,2024-W06,False,False,True
2024-02-06,2024,1,2,2024-02,Şubat,6,37,1,Salı,6,2024-W06,False,False,True
2024-02-07,2024,1,2,2024-02,Şubat,7,38,2,Çarşamba,6,2024-W06,False,False,True
2024-02-08,2024,1,2,2024-02,Şubat,8,39,3,Perşembe,6,2024-W06,False,False,True
2024-02-09,2024,1,2,2024-02,Şubat,9,40,4,Cuma,6,2024-W06,False,False,True
2024-02-10,2024,1,2,2024-02,Şubat,10,41,5,Cumartesi,6,2024-W06,True,False,True
2024-02-11,2024,1,2,2024-02,Şubat,11,42,6,Pazar,6,2024-W06,True,False,True
2024-02-12,2024,1,2,2024-02,Şubat,12,43,0,Pazartesi,7,2024-W07,False,False,True
2024-02-13,2024,1,2,2024-02,Şubat,13,44,1,Salı,7,2024-W07,False,False,True
2024-02-14,2024,1,2,2024-02,Şubat,14,45,2,Çarşamba,7,2024-W07,False,False,True
2024-02-15,2024,1,2,2024-02,Şubat,15,46,3,Perşembe,7,2024-W07,False,False,True
2024-02-16,2024,1,2,2024-02,Şubat,16,47,4,Cuma,7,2024-W07,False,False,True
2024-02-17,2024,1,2,2024-02,Şubat,17,48,5,Cumartesi,7,2024-W07,True,False,True
2024-02-18,2024,1,2,2024-02,Şubat,18,49,6,Pazar,7,2024-W07,True,False,True
2024-02-19,2024,1,2,2024-02,Şubat,19,50,0,Pazartesi,8,2024-W08,False,False,True
2024-02-20,2024,1,2,2024-02,Şubat,20,51,1,Salı,8,2024-W08,False,False,True
2024-02-21,2024,1,2,2024-02,Şubat,21,52,2,Çarşamba,8,2024-W08,False,False,True
2024-02-22,2024,1,2,2024-02,Şubat,22,53,3,Perşembe,8,2024-W08,False,False,True
2024-02-23,2024,1,2,2024-02,Şubat,23,54,4,Cuma,8,2024-W08,False,False,True
2024-02-24,2024,1,2,2024-02,Şubat,24,55,5,Cumartesi,8,2024-W08,True,False,True
2024-02-25,2024,1,2,2024-02,Şubat,25,56,6,Pazar,8,2024-W08,True,False,True
2024-02-26,2024,1,2,2024-02,Şubat,26,57,0,Pazartesi,9,2024-W09,False,False,True
2024-02-27,2024,1,2,2024-02,Şubat,27,58,1,Salı,9,2024-W09,False,False,True
2024-02-28,2024,1,2,2024-02,Şubat,28,59,2,Çarşamba,9,2024-W09,False,False,True
2024-02-29,2024,1,2,2024-02,Şubat,29,60,3,Perşembe,9,2024-W09,False,True,True
2024-03-01,2024,1,3,2024-03,Mart,1,61,4,Cuma,9,2024-W09,False,False,True
2024-03-02,2024,1,3,2024-03,Mart,2,62,5,Cumartesi,9,2024-W09,True,False,True
2024-03-03,2024,1,3,2024-03,Mart,3,63,6,Pazar,9,2024-W09,True,False,True
2024-03-04,2024,1,3,2024-03,Mart,4,64,0,Pazartesi,10,2024-W10,False,False,True
2024-03-05,2024,1,3,2024-03,Mart,5,65,1,Salı,10,2024-W10,False,False,True
2024-03-06,2024,1,3,2024-03,Mart,6,66,2,Çarşamba,10,2024-W10,False,False,True
2024-03-07,2024,1,3,2024-03,Mart,7,67,3,Perşembe,10,2024-W10,False,False,True
2024-03-08,2024,1,3,2024-03,Mart,8,68,4,Cuma,10,2024-W10,False,False,True
2024-03-09,2024,1,3,2024-03,Mart,9,69,5,Cumartesi,10,2024-W10,True,False,True
2024-03-10,2024,1,3,2024-03,Mart,10,70,6,Pazar,10,2024-W10,True,False,True
2024-03-11,2024,1,3,2024-03,Mart,11,71,0,Pazartesi,11,2024-W11,False,False,True
2024-03-12,2024,1,3,2024-03,Mart,12,72,1,Salı,11,2024-W11,False,False,True
2024-03-13,2024,1,3,2024-03,Mart,13,73,2,Çarşamba,11,2024-W11,False,False,True
2024-03-14,2024,1,3,2024-03,Mart,14,74,3,Perşembe,11,2024-W11,False,False,True
2024-03-15,2024,1,3,2024-03,Mart,15,75,4,Cuma,11,2024-W11,False,False,True
2024-03-16,2024,1,3,2024-03,Mart,16,76,5,Cumartesi,11,2024-W11,True,False,True
2024-03-17,2024,1,3,2024-03,Mart,17,77,6,Pazar,11,2024-W11,True,False,True
2024-03-18,2024,1,3,2024-03,Mart,18,78,0,Pazartesi,12,2024-W12,False,False,True
2024-03-19,2024,1,3,2024-03,Mart,19,79,1,Salı,12,2024-W12,False,False,True
2024-03-20,2024,1,3,2024-03,Mart,20,80,2,Çarşamba,12,2024-W12,False,False,True
2024-03-21,2024,1,3,2024-03,Mart,21,81,3,Perşembe,12,2024-W12,False,False,True
2024-03-22,2024,1,3,2024-03,Mart,22,82,4,Cuma,12,2024-W12,False,False,True
2024-03-23,2024,1,3,2024-03,Mart,23,83,5,Cumartesi,12,2024-W12,True,False,True
2024-03-24,2024,1,3,2024-03,Mart,24,84,6,Pazar,12,2024-W12,True,False,True
2024-03-25,2024,1,3,2024-03,Mart,25,85,0,Pazartesi,13,2024-W13,False,False,True
2024-03-26,2024,1,3,2024-03,Mart,26,86,1,Salı,13,2024-W13,False,False,True
2024-03-27,2024,1,3,2024-03,Mart,27,87,2,Çarşamba,13,2024-W13,False,False,True
2024-03-28,2024,1,3,2024-03,Mart,28,88,3,Perşembe,13,2024-W13,False,False,True
2024-03-29,2024,1,3,2024-03,Mart,29,89,4,Cuma,13,2024-W13,False,False,True
2024-03-30,2024,1,3,2024-03,Mart,30,90,5,Cumartesi,13,2024-W13,True,False,True
2024-03-31,2024,1,3,2024-03,Mart,31,91,6,Pazar,13,2024-W13,True,True,True
2024-04-01,2024,2,4,2024-04,Nisan,1,92,0,Pazartesi,14,2024-W14,False,False,True
2024-04-02,2024,2,4,2024-04,Nisan,2,93,1,Salı,14,2024-W14,False,False,True
2024-04-03,2024,2,4,2024-04,Nisan,3,94,2,Çarşamba,14,2024-W14,False,False,True
2024-04-04,2024,2,4,2024-04,Nisan,4,95,3,Perşembe,14,2024-W14,False,False,True
2024-04-05,2024,2,4,2024-04,Nisan,5,96,4,Cuma,14,2024-W14,False,False,True
2024-04-06,2024,2,4,2024-04,Nisan,6,97,5,Cumartesi,14,2024-W14,True,False,True
2024-04-07,2024,2,4,2024-04,Nisan,7,98,6,Pazar,14,2024-W14,True,False,True
2024-04-08,2024,2,4,2024-04,Nisan,8,99,0,Pazartesi,15,2024-W15,False,False,True
2024-04-09,2024,2,4,2024-04,Nisan,9,100,1,Salı,15,2024-W15,False,False,True
2024-04-10,2024,2,4,2024-04,Nisan,10,101,2,Çarşamba,15,2024-W15,False,False,True
2024-04-11,2024,2,4,2024-04,Nisan,11,102,3,Perşembe,15,2024-W15,False,False,True
2024-04-12,2024,2,4,2024-04,Nisan,12,103,4,Cuma,15,2024-W15,False,False,True
2024-04-13,2024,2,4,2024-04,Nisan,13,104,5,Cumartesi,15,2024-W15,True,False,True
2024-04-14,2024,2,4,2024-04,Nisan,14,105,6,Pazar,15,2024-W15,True,False,True
2024-04-15,2024,2,4,2024-04,Nisan,15,106,0,Pazartesi,16,2024-W16,False,False,True
2024-04-16,2024,2,4,2024-04,Nisan,16,107,1,Salı,16,2024-W16,False,False,True
2024-04-17,2024,2,4,2024-04,Nisan,17,108,2,Çarşamba,16,2024-W16,False,False,True
2024-04-18,2024,2,4,2024-04,Nisan,18,109,3,Perşembe,16,2024-W16,False,False,True
2024-04-19,2024,2,4,2024-04,Nisan,19,110,4,Cuma,16,2024-W16,False,False,True
2024-04-20,2024,2,4,2024-04,Nisan,20,111,5,Cumartesi,16,2024-W16,True,False,True
2024-04-21,2024,2,4,2024-04,Nisan,21,112,6,Pazar,16,2024-W16,True,False,True
2024-04-22,2024,2,4,2024-04,Nisan,22,113,0,Pazartesi,17,2024-W17,False,False,True
2024-04-23,2024,2,4,2024-04,Nisan,23,114,1,Salı,17,2024-W17,False,False,True
2024-04-24,2024,2,4,2024-04,Nisan,24,115,2,Çarşamba,17,2024-W17,False,False,True
2024-04-25,2024,2,4,2024-04,Nisan,25,116,3,Perşembe,17,2024-W17,False,False,True
2024-04-26,2024,2,4,2024-04,Nisan,26,117,4,Cuma,17,2024-W17,False,False,True
2024-04-27,2024,2,4,2024-04,Nisan,27,118,5,Cumartesi,17,2024-W17,True,False,True
2024-04-28,2024,2,4,2024-04,Nisan,28,119,6,Pazar,17,2024-W17,True,False,True
2024-04-29,2024,2,4,2024-04,Nisan,29,120,0,Pazartesi,18,2024-W18,False,False,True
2024-04-30,2024,2,4,2024-04,Nisan,30,121,1,Salı,18,2024-W18,False,True,True
2024-05-01,2024,2,5,2024-05,Mayıs,1,122,2,Çarşamba,18,2024-W18,False,False,True
2024-05-02,2024,2,5,2024-05,Mayıs,2,123,3,Perşembe,18,2024-W18,False,False,True
2024-05-03,2024,2,5,2024-05,Mayıs,3,124,4,Cuma,18,2024-W18,False,False,True
2024-05-04,2024,2,5,2024-05,Mayıs,4,125,5,Cumartesi,18,2024-W18,True,False,True
2024-05-05,2024,2,5,2024-05,Mayıs,5,126,6,Pazar,18,2024-W18,True,False,True
2024-05-06,2024,2,5,2024-05,Mayıs,6,127,0,Pazartesi,19,2024-W19,False,False,True
2024-05-07,2024,2,5,2024-05,Mayıs,7,128,1,Salı,19,2024-W19,False,False,True
2024-05-08,2024,2,5,2024-05,Mayıs,8,129,2,Çarşamba,19,2024-W19,False,False,True
2024-05-09,2024,2,5,2024-05,Mayıs,9,130,3,Perşembe,19,2024-W19,False,False,True
2024-05-10,2024,2,5,2024-05,Mayıs,10,131,4,Cuma,19,2024-W19,False,False,True
2024-05-11,2024,2,5,2024-05,Mayıs,11,132,5,Cumartesi,19,2024-W19,True,False,True
2024-05-12,2024,2,5,2024-05,Mayıs,12,133,6,Pazar,19,2024-W19,True,False,True
2024-05-13,2024,2,5,2024-05,Mayıs,13,134,0,Pazartesi,20,2024-W20,False,False,True
2024-05-14,2024,2,5,2024-05,Mayıs,14,135,1,Salı,20,2024-W20,False,False,True
2024-05-15,2024,2,5,2024-05,Mayıs,15,136,2,Çarşamba,20,2024-W20,False,False,True
2024-05-16,2024,2,5,2024-05,Mayıs,16,137,3,Perşembe,20,2024-W20,False,False,True
2024-05-17,2024,2,5,2024-05,Mayıs,17,138,4,Cuma,20,2024-W20,False,False,True
2024-05-18,2024,2,5,2024-05,Mayıs,18,139,5,Cumartesi,20,2024-W20,True,False,True
2024-05-19,2024,2,5,2024-05,Mayıs,19,140,6,Pazar,20,2024-W20,True,False,True
2024-05-20,2024,2,5,2024-05,Mayıs,20,141,0,Pazartesi,21,2024-W21,False,False,True
2024-05-21,2024,2,5,2024-05,Mayıs,21,142,1,Salı,21,2024-W21,False,False,True
2024-05-22,2024,2,5,2024-05,Mayıs,22,143,2,Çarşamba,21,2024-W21,False,False,True
2024-05-23,2024,2,5,2024-05,Mayıs,23,144,3,Perşembe,21,2024-W21,False,False,True
2024-05-24,2024,2,5,2024-05,Mayıs,24,145,4,Cuma,21,2024-W21,False,False,True
2024-05-25,2024,2,5,2024-05,Mayıs,25,146,5,Cumartesi,21,2024-W21,True,False,True
2024-05-26,2024,2,5,2024-05,Mayıs,26,147,6,Pazar,21,2024-W21,True,False,True
2024-05-27,2024,2,5,2024-05,Mayıs,27,148,0,Pazartesi,22,2024-W22,False,False,True
2024-05-28,2024,2,5,2024-05,Mayıs,28,149,1,Salı,22,2024-W22,False,False,True
2024-05-29,2024,2,5,2024-05,Mayıs,29,150,2,Çarşamba,22,2024-W22,False,False,True
2024-05-30,2024,2,5,2024-05,Mayıs,30,151,3,Perşembe,22,2024-W22,False,False,True
2024-05-31,2024,2,5,2024-05,Mayıs,31,152,4,Cuma,22,2024-W22,False,True,True
2024-06-01,2024,2,6,2024-06,Haziran,1,153,5,Cumartesi,22,2024-W22,True,False,True
2024-06-02,2024,2,6,2024-06,Haziran,2,154,6,Pazar,22,2024-W22,True,False,True
2024-06-03,2024,2,6,2024-06,Haziran,3,155,0,Pazartesi,23,2024-W23,False,False,True
2024-06-04,2024,2,6,2024-06,Haziran,4,156,1,Salı,23,2024-W23,False,False,True
2024-06-05,2024,2,6,2024-06,Haziran,5,157,2,Çarşamba,23,2024-W23,False,False,True
2024-06-06,2024,2,6,2024-06,Haziran,6,158,3,Perşembe,23,2024-W23,False,False,True
2024-06-07,2024,2,6,2024-06,Haziran,7,159,4,Cuma,23,2024-W23,False,False,True
2024-06-08,2024,2,6,2024-06,Haziran,8,160,5,Cumartesi,23,2024-W23,True,False,True
2024-06-09,2024,2,6,2024-06,Haziran,9,161,6,Pazar,23,2024-W23,True,False,True
2024-06-10,2024,2,6,2024-06,Haziran,10,162,0,Pazartesi,24,2024-W24,False,False,True
2024-06-11,2024,2,6,2024-06,Haziran,11,163,1,Salı,24,2024-W24,False,False,True
2024-06-12,2024,2,6,2024-06,Haziran,12,164,2,Çarşamba,24,2024-W24,False,False,True
2024-06-13,2024,2,6,2024-06,Haziran,13,165,3,Perşembe,24,2024-W24,False,False,True
2024-06-14,2024,2,6,2024-06,Haziran,14,166,4,Cuma,24,2024-W24,False,False,True
2024-06-15,2024,2,6,2024-06,Haziran,15,167,5,Cumartesi,24,2024-W24,True,False,True
2024-06-16,2024,2,6,2024-06,Haziran,16,168,6,Pazar,24,2024-W24,True,False,True
2024-06-17,2024,2,6,2024-06,Haziran,17,169,0,Pazartesi,25,2024-W25,False,False,True
2024-06-18,2024,2,6,2024-06,Haziran,18,170,1,Salı,25,2024-W25,False,False,True
2024-06-19,2024,2,6,2024-06,Haziran,19,171,2,Çarşamba,25,2024-W25,False,False,True
2024-06-20,2024,2,6,2024-06,Haziran,20,172,3,Perşembe,25,2024-W25,False,False,True
2024-06-21,2024,2,6,2024-06,Haziran,21,173,4,Cuma,25,2024-W25,False,False,True
2024-06-22,2024,2,6,2024-06,Haziran,22,174,5,Cumartesi,25,2024-W25,True,False,True
2024-06-23,2024,2,6,2024-06,Haziran,23,175,6,Pazar,25,2024-W25,True,False,True
2024-06-24,2024,2,6,2024-06,Haziran,24,176,0,Pazartesi,26,2024-W26,False,False,True
2024-06-25,2024,2,6,2024-06,Haziran,25,177,1,Salı,26,2024-W26,False,False,True
2024-06-26,2024,2,6,2024-06,Haziran,26,178,2,Çarşamba,26,2024-W26,False,False,True
2024-06-27,2024,2,6,2024-06,Haziran,27,179,3,Perşembe,26,2024-W26,False,False,True
2024-06-28,2024,2,6,2024-06,Haziran,28,180,4,Cuma,26,2024-W26,False,False,True
2024-06-29,2024,2,6,2024-06,Haziran,29,181,5,Cumartesi,26,2024-W26,True,False,True
2024-06-30,2024,2,6,2024-06,Haziran,30,182,6,Pazar,26,2024-W26,True,True,True
2024-07-01,2024,3,7,2024-07,Temmuz,1,183,0,Pazartesi,27,2024-W27,False,False,True
2024-07-02,2024,3,7,2024-07,Temmuz,2,184,1,Salı,27,2024-W27,False,False,True
2024-07-03,2024,3,7,2024-07,Temmuz,3,185,2,Çarşamba,27,2024-W27,False,False,True
2024-07-04,2024,3,7,2024-07,Temmuz,4,186,3,Perşembe,27,2024-W27,False,False,True
2024-07-05,2024,3,7,2024-07,Temmuz,5,187,4,Cuma,27,2024-W27,False,False,True
2024-07-06,2024,3,7,2024-07,Temmuz,6,188,5,Cumartesi,27,2024-W27,True,False,True
2024-07-07,2024,3,7,2024-07,Temmuz,7,189,6,Pazar,27,2024-W27,True,False,True
2024-07-08,2024,3,7,2024-07,Temmuz,8,190,0,Pazartesi,28,2024-W28,False,False,True
2024-07-09,2024,3,7,2024-07,Temmuz,9,191,1,Salı,28,2024-W28,False,False,True
2024-07-10,2024,3,7,2024-07,Temmuz,10,192,2,Çarşamba,28,2024-W28,False,False,True
2024-07-11,2024,3,7,2024-07,Temmuz,11,193,3,Perşembe,28,2024-W28,False,False,True
2024-07-12,2024,3,7,2024-07,Temmuz,12,194,4,Cuma,28,2024-W28,False,False,True
2024-07-13,2024,3,7,2024-07,Temmuz,13,195,5,Cumartesi,28,2024-W28,True,False,True
2024-07-14,2024,3,7,2024-07,Temmuz,14,196,6,Pazar,28,2024-W28,True,False,True
2024-07-15,2024,3,7,2024-07,Temmuz,15,197,0,Pazartesi,29,2024-W29,False,False,True
2024-07-16,2024,3,7,2024-07,Temmuz,16,198,1,Salı,29,2024-W29,False,False,True
2024-07-17,2024,3,7,2024-07,Temmuz,17,199,2,Çarşamba,29,2024-W29,False,False,True
2024-07-18,2024,3,7,2024-07,Temmuz,18,200,3,Perşembe,29,2024-W29,False,False,True
2024-07-19,2024,3,7,2024-07,Temmuz,19,201,4,Cuma,29,2024-W29,False,False,True
2024-07-20,2024,3,7,2024-07,Temmuz,20,202,5,Cumartesi,29,2024-W29,True,False,True
2024-07-21,2024,3,7,2024-07,Temmuz,21,203,6,Pazar,29,2024-W29,True,False,True
2024-07-22,2024,3,7,2024-07,Temmuz,22,204,0,Pazartesi,30,2024-W30,False,False,True
2024-07-23,2024,3,7,2024-07,Temmuz,23,205,1,Salı,30,2024-W30,False,False,True
2024-07-24,2024,3,7,2024-07,Temmuz,24,206,2,Çarşamba,30,2024-W30,False,False,True
2024-07-25,2024,3,7,2024-07,Temmuz,25,207,3,Perşembe,30,2024-W30,False,False,True
2024-07-26,2024,3,7,2024-07,Temmuz,26,208,4,Cuma,30,2024-W30,False,False,True
2024-07-27,2024,3,7,2024-07,Temmuz,27,209,5,Cumartesi,30,2024-W30,True,False,True
2024-07-28,2024,3,7,2024-07,Temmuz,28,210,6,Pazar,30,2024-W30,True,False,True
2024-07-29,2024,3,7,2024-07,Temmuz,29,211,0,Pazartesi,31,2024-W31,False,False,True
2024-07-30,2024,3,7,2024-07,Temmuz,30,212,1,Salı,31,2024-W31,False,False,True
2024-07-31,2024,3,7,2024-07,Temmuz,31,213,2,Çarşamba,31,2024-W31,False,True,True
2024-08-01,2024,3,8,2024-08,Ağustos,1,214,3,Perşembe,31,2024-W31,False,False,True
2024-08-02,2024,3,8,2024-08,Ağustos,2,215,4,Cuma,31,2024-W31,False,False,True
2024-08-03,2024,3,8,2024-08,Ağustos,3,216,5,Cumartesi,31,2024-W31,True,False,True
2024-08-04,2024,3,8,2024-08,Ağustos,4,217,6,Pazar,31,2024-W31,True,False,True
2024-08-05,2024,3,8,2024-08,Ağustos,5,218,0,Pazartesi,32,2024-W32,False,False,True
2024-08-06,2024,3,8,2024-08,Ağustos,6,219,1,Salı,32,2024-W32,False,False,True
2024-08-07,2024,3,8,2024-08,Ağustos,7,220,2,Çarşamba,32,2024-W32,False,False,True
2024-08-08,2024,3,8,2024-08,Ağustos,8,221,3,Perşembe,32,2024-W32,False,False,True
2024-08-09,2024,3,8,2024-08,Ağustos,9,222,4,Cuma,32,2024-W32,False,False,True
2024-08-10,2024,3,8,2024-08,Ağustos,10,223,5,Cumartesi,32,2024-W32,True,False,True
2024-08-11,2024,3,8,2024-08,Ağustos,11,224,6,Pazar,32,2024-W32,True,False,True
2024-08-12,2024,3,8,2024-08,Ağustos,12,225,0,Pazartesi,33,2024-W33,False,False,True
2024-08-13,2024,3,8,2024-08,Ağustos,13,226,1,Salı,33,2024-W33,False,False,True
2024-08-14,2024,3,8,2024-08,Ağustos,14,227,2,Çarşamba,33,2024-W33,False,False,True
2024-08-15,2024,3,8,2024-08,Ağustos,15,228,3,Perşembe,33,2024-W33,False,False,True
2024-08-16,2024,3,8,2024-08,Ağustos,16,229,4,Cuma,33,2024-W33,False,False,True
2024-08-17,2024,3,8,2024-08,Ağustos,17,230,5,Cumartesi,33,2024-W33,True,False,True
2024-08-18,2024,3,8,2024-08,Ağustos,18,231,6,Pazar,33,2024-W33,True,False,True
2024-08-19,2024,3,8,2024-08,Ağustos,19,232,0,Pazartesi,34,2024-W34,False,False,True
2024-08-20,2024,3,8,2024-08,Ağustos,20,233,1,Salı,34,2024-W34,False,False,True
2024-08-21,2024,3,8,2024-08,Ağustos,21,234,2,Çarşamba,34,2024-W34,False,False,True
2024-08-22,2024,3,8,2024-08,Ağustos,22,235,3,Perşembe,34,2024-W34,False,False,True
2024-08-23,2024,3,8,2024-08,Ağustos,23,236,4,Cuma,34,2024-W34,False,False,True
2024-08-24,2024,3,8,2024-08,Ağustos,24,237,5,Cumartesi,34,2024-W34,True,False,True
2024-08-25,2024,3,8,2024-08,Ağustos,25,238,6,Pazar,34,2024-W34,True,False,True
2024-08-26,2024,3,8,2024-08,Ağustos,26,239,0,Pazartesi,35,2024-W35,False,False,True
2024-08-27,2024,3,8,2024-08,Ağustos,27,240,1,Salı,35,2024-W35,False,False,True
2024-08-28,2024,3,8,2024-08,Ağustos,28,241,2,Çarşamba,35,2024-W35,False,False,True
2024-08-29,2024,3,8,2024-08,Ağustos,29,242,3,Perşembe,35,2024-W35,False,False,True
2024-08-30,2024,3,8,2024-08,Ağustos,30,243,4,Cuma,35,2024-W35,False,False,True
2024-08-31,2024,3,8,2024-08,Ağustos,31,244,5,Cumartesi,35,2024-W35,True,True,True
2024-09-01,2024,3,9,2024-09,Eylül,1,245,6,Pazar,35,2024-W35,True,False,True
2024-09-02,2024,3,9,2024-09,Eylül,2,246,0,Pazartesi,36,2024-W36,False,False,True
2024-09-03,2024,3,9,2024-09,Eylül,3,247,1,Salı,36,2024-W36,False,False,True
2024-09-04,2024,3,9,2024-09,Eylül,4,248,2,Çarşamba,36,2024-W36,False,False,True
2024-09-05,2024,3,9,2024-09,Eylül,5,249,3,Perşembe,36,2024-W36,False,False,True
2024-09-06,2024,3,9,2024-09,Eylül,6,250,4,Cuma,36,2024-W36,False,False,True
2024-09-07,2024,3,9,2024-09,Eylül,7,251,5,Cumartesi,36,2024-W36,True,False,True
2024-09-08,2024,3,9,2024-09,Eylül,8,252,6,Pazar,36,2024-W36,True,False,True
2024-09-09,2024,3,9,2024-09,Eylül,9,253,0,Pazartesi,37,2024-W37,False,False,True
2024-09-10,2024,3,9,2024-09,Eylül,10,254,1,Salı,37,2024-W37,False,False,True
2024-09-11,2024,3,9,2024-09,Eylül,11,255,2,Çarşamba,37,2024-W37,False,False,True
2024-09-12,2024,3,9,2024-09,Eylül,12,256,3,Perşembe,37,2024-W37,False,False,True
2024-09-13,2024,3,9,2024-09,Eylül,13,257,4,Cuma,37,2024-W37,False,False,True
2024-09-14,2024,3,9,2024-09,Eylül,14,258,5,Cumartesi,37,2024-W37,True,False,True
2024-09-15,2024,3,9,2024-09,Eylül,15,259,6,Pazar,37,2024-W37,True,False,True
2024-09-16,2024,3,9,2024-09,Eylül,16,260,0,Pazartesi,38,2024-W38,False,False,True
2024-09-17,2024,3,9,2024-09,Eylül,17,261,1,Salı,38,2024-W38,False,False,True
2024-09-18,2024,3,9,2024-09,Eylül,18,262,2,Çarşamba,38,2024-W38,False,False,True
2024-09-19,2024,3,9,2024-09,Eylül,19,263,3,Perşembe,38,2024-W38,False,False,True
2024-09-20,2024,3,9,2024-09,Eylül,20,264,4,Cuma,38,2024-W38,False,False,True
2024-09-21,2024,3,9,2024-09,Eylül,21,265,5,Cumartesi,38,2024-W38,True,False,True
2024-09-22,2024,3,9,2024-09,Eylül,22,266,6,Pazar,38,2024-W38,True,False,True
2024-09-23,2024,3,9,2024-09,Eylül,23,267,0,Pazartesi,39,2024-W39,False,False,True
2024-09-24,2024,3,9,2024-09,Eylül,24,268,1,Salı,39,2024-W39,False,False,True
2024-09-25,2024,3,9,2024-09,Eylül,25,269,2,Çarşamba,39,2024-W39,False,False,True
2024-09-26,2024,3,9,2024-09,Eylül,26,270,3,Perşembe,39,2024-W39,False,False,True
2024-09-27,2024,3,9,2024-09,Eylül,27,271,4,Cuma,39,2024-W39,False,False,True
2024-09-28,2024,3,9,2024-09,Eylül,28,272,5,Cumartesi,39,2024-W39,True,False,True
2024-09-29,2024,3,9,2024-09,Eylül,29,273,6,Pazar,39,2024-W39,True,False,True
2024-09-30,2024,3,9,2024-09,Eylül,30,274,0,Pazartesi,40,2024-W40,False,True,True
2024-10-01,2024,4,10,2024-10,Ekim,1,275,1,Salı,40,2024-W40,False,False,True
2024-10-02,2024,4,10,2024-10,Ekim,2,276,2,Çarşamba,40,2024-W40,False,False,True
2024-10-03,2024,4,10,2024-10,Ekim,3,277,3,Perşembe,40,2024-W40,False,False,True
2024-10-04,2024,4,10,2024-10,Ekim,4,278,4,Cuma,40,2024-W40,False,False,True
2024-10-05,2024,4,10,2024-10,Ekim,5,279,5,Cumartesi,40,2024-W40,True,False,True
2024-10-06,2024,4,10,2024-10,Ekim,6,280,6,Pazar,40,2024-W40,True,False,True
2024-10-07,2024,4,10,2024-10,Ekim,7,281,0,Pazartesi,41,2024-W41,False,False,True
2024-10-08,2024,4,10,2024-10,Ekim,8,282,1,Salı,41,2024-W41,False,False,True
2024-10-09,2024,4,10,2024-10,Ekim,9,283,2,Çarşamba,41,2024-W41,False,False,True
2024-10-10,2024,4,10,2024-10,Ekim,10,284,3,Perşembe,41,2024-W41,False,False,True
2024-10-11,2024,4,10,2024-10,Ekim,11,285,4,Cuma,41,2024-W41,False,False,True
2024-10-12,2024,4,10,2024-10,Ekim,12,286,5,Cumartesi,41,2024-W41,True,False,True
2024-10-13,2024,4,10,2024-10,Ekim,13,287,6,Pazar,41,2024-W41,True,False,True
2024-10-14,2024,4,10,2024-10,Ekim,14,288,0,Pazartesi,42,2024-W42,False,False,True
2024-10-15,2024,4,10,2024-10,Ekim,15,289,1,Salı,42,2024-W42,False,False,True
2024-10-16,2024,4,10,2024-10,Ekim,16,290,2,Çarşamba,42,2024-W42,False,False,True
2024-10-17,2024,4,10,2024-10,Ekim,17,291,3,Perşembe,42,2024-W42,False,False,True
2024-10-18,2024,4,10,2024-10,Ekim,18,292,4,Cuma,42,2024-W42,False,False,True
2024-10-19,2024,4,10,2024-10,Ekim,19,293,5,Cumartesi,42,2024-W42,True,False,True
2024-10-20,2024,4,10,2024-10,Ekim,20,294,6,Pazar,42,2024-W42,True,False,True
2024-10-21,2024,4,10,2024-10,Ekim,21,295,0,Pazartesi,43,2024-W43,False,False,True
2024-10-22,2024,4,10,2024-10,Ekim,22,296,1,Salı,43,2024-W43,False,False,True
2024-10-23,2024,4,10,2024-10,Ekim,23,297,2,Çarşamba,43,2024-W43,False,False,True
2024-10-24,2024,4,10,2024-10,Ekim,24,298,3,Perşembe,43,2024-W43,False,False,True
2024-10-25,2024,4,10,2024-10,Ekim,25,299,4,Cuma,43,2024-W43,False,False,True
2024-10-26,2024,4,10,2024-10,Ekim,26,300,5,Cumartesi,43,2024-W43,True,False,True
2024-10-27,2024,4,10,2024-10,Ekim,27,301,6,Pazar,43,2024-W43,True,False,True
2024-10-28,2024,4,10,2024-10,Ekim,28,302,0,Pazartesi,44,2024-W44,False,False,True
2024-10-29,2024,4,10,2024-10,Ekim,29,303,1,Salı,44,2024-W44,False,False,True
2024-10-30,2024,4,10,2024-10,Ekim,30,304,2,Çarşamba,44,2024-W44,False,False,True
2024-10-31,2024,4,10,2024-10,Ekim,31,305,3,Perşembe,44,2024-W44,False,True,True
2024-11-01,2024,4,11,2024-11,Kasım,1,306,4,Cuma,44,2024-W44,False,False,True
2024-11-02,2024,4,11,2024-11,Kasım,2,307,5,Cumartesi,44,2024-W44,True,False,True
2024-11-03,2024,4,11,2024-11,Kasım,3,308,6,Pazar,44,2024-W44,True,False,True
2024-11-04,2024,4,11,2024-11,Kasım,4,309,0,Pazartesi,45,2024-W45,False,False,True
2024-11-05,2024,4,11,2024-11,Kasım,5,310,1,Salı,45,2024-W45,False,False,True
2024-11-06,2024,4,11,2024-11,Kasım,6,311,2,Çarşamba,45,2024-W45,False,False,True
2024-11-07,2024,4,11,2024-11,Kasım,7,312,3,Perşembe,45,2024-W45,False,False,True
2024-11-08,2024,4,11,2024-11,Kasım,8,313,4,Cuma,45,2024-W45,False,False,True
2024-11-09,2024,4,11,2024-11,Kasım,9,314,5,Cumartesi,45,2024-W45,True,False,True
2024-11-10,2024,4,11,2024-11,Kasım,10,315,6,Pazar,45,2024-W45,True,False,True
2024-11-11,2024,4,11,2024-11,Kasım,11,316,0,Pazartesi,46,2024-W46,False,False,True
2024-11-12,2024,4,11,2024-11,Kasım,12,317,1,Salı,46,2024-W46,False,False,True
2024-11-13,2024,4,11,2024-11,Kasım,13,318,2,Çarşamba,46,2024-W46,False,False,True
2024-11-14,2024,4,11,2024-11,Kasım,14,319,3,Perşembe,46,2024-W46,False,False,True
2024-11-15,2024,4,11,2024-11,Kasım,15,320,4,Cuma,46,2024-W46,False,False,True
2024-11-16,2024,4,11,2024-11,Kasım,16,321,5,Cumartesi,46,2024-W46,True,False,True
2024-11-17,2024,4,11,2024-11,Kasım,17,322,6,Pazar,46,2024-W46,True,False,True
2024-11-18,2024,4,11,2024-11,Kasım,18,323,0,Pazartesi,47,2024-W47,False,False,True
2024-11-19,2024,4,11,2024-11,Kasım,19,324,1,Salı,47,2024-W47,False,False,True
2024-11-20,2024,4,11,2024-11,Kasım,20,325,2,Çarşamba,47,2024-W47,False,False,True
2024-11-21,2024,4,11,2024-11,Kasım,21,326,3,Perşembe,47,2024-W47,False,False,True
2024-11-22,2024,4,11,2024-11,Kasım,22,327,4,Cuma,47,2024-W47,False,False,True
2024-11-23,2024,4,11,2024-11,Kasım,23,328,5,Cumartesi,47,2024-W47,True,False,True
2024-11-24,2024,4,11,2024-11,Kasım,24,329,6,Pazar,47,2024-W47,True,False,True
2024-11-25,2024,4,11,2024-11,Kasım,25,330,0,Pazartesi,48,2024-W48,False,False,True
2024-11-26,2024,4,11,2024-11,Kasım,26,331,1,Salı,48,2024-W48,False,False,True
2024-11-27,2024,4,11,2024-11,Kasım,27,332,2,Çarşamba,48,2024-W48,False,False,True
2024-11-28,2024,4,11,2024-11,Kasım,28,333,3,Perşembe,48,2024-W48,False,False,True
2024-11-29,2024,4,11,2024-11,Kasım,29,334,4,Cuma,48,2024-W48,False,False,True
2024-11-30,2024,4,11,2024-11,Kasım,30,335,5,Cumartesi,48,2024-W48,True,True,True
2024-12-01,2024,4,12,2024-12,Aralık,1,336,6,Pazar,48,2024-W48,True,False,True
2024-12-02,2024,4,12,2024-12,Aralık,2,337,0,Pazartesi,49,2024-W49,False,False,True
2024-12-03,2024,4,12,2024-12,Aralık,3,338,1,Salı,49,2024-W49,False,False,True
2024-12-04,2024,4,12,2024-12,Aralık,4,339,2,Çarşamba,49,2024-W49,False,False,True
2024-12-05,2024,4,12,2024-12,Aralık,5,340,3,Perşembe,49,2024-W49,False,False,True
2024-12-06,2024,4,12,2024-12,Aralık,6,341,4,Cuma,49,2024-W49,False,False,True
2024-12-07,2024,4,12,2024-12,Aralık,7,342,5,Cumartesi,49,2024-W49,True,False,True
2024-12-08,2024,4,12,2024-12,Aralık,8,343,6,Pazar,49,2024-W49,True,False,True
2024-12-09,2024,4,12,2024-12,Aralık,9,344,0,Pazartesi,50,2024-W50,False,False,True
2024-12-10,2024,4,12,2024-12,Aralık,10,345,1,Salı,50,2024-W50,False,False,True
2024-12-11,2024,4,12,2024-12,Aralık,11,346,2,Çarşamba,50,2024-W50,False,False,True
2024-12-12,2024,4,12,2024-12,Aralık,12,347,3,Perşembe,50,2024-W50,False,False,True
2024-12-13,2024,4,12,2024-12,Aralık,13,348,4,Cuma,50,2024-W50,False,False,True
2024-12-14,2024,4,12,2024-12,Aralık,14,349,5,Cumartesi,50,2024-W50,True,False,True
2024-12-15,2024,4,12,2024-12,Aralık,15,350,6,Pazar,50,2024-W50,True,False,True
2024-12-16,2024,4,12,2024-12,Aralık,16,351,0,Pazartesi,51,2024-W51,False,False,True
2024-12-17,2024,4,12,2024-12,Aralık,17,352,1,Salı,51,2024-W51,False,False,True
2024-12-18,2024,4,12,2024-12,Aralık,18,353,2,Çarşamba,51,2024-W51,False,False,True
2024-12-19,2024,4,12,2024-12,Aralık,19,354,3,Perşembe,51,2024-W51,False,False,True
2024-12-20,2024,4,12,2024-12,Aralık,20,355,4,Cuma,51,2024-W51,False,False,True
2024-12-21,2024,4,12,2024-12,Aralık,21,356,5,Cumartesi,51,2024-W51,True,False,True
2024-12-22,2024,4,12,2024-12,Aralık,22,357,6,Pazar,51,2024-W51,True,False,True
2024-12-23,2024,4,12,2024-12,Aralık,23,358,0,Pazartesi,52,2024-W52,False,False,True
2024-12-24,2024,4,12,2024-12,Aralık,24,359,1,Salı,52,2024-W52,False,False,True
2024-12-25,2024,4,12,2024-12,Aralık,25,360,2,Çarşamba,52,2024-W52,False,False,True
2024-12-26,2024,4,12,2024-12,Aralık,26,361,3,Perşembe,52,2024-W52,False,False,True
2024-12-27,2024,4,12,2024-12,Aralık,27,362,4,Cuma,52,2024-W52,False,False,True
2024-12-28,2024,4,12,2024-12,Aralık,28,363,5,Cumartesi,52,2024-W52,True,False,True
2024-12-29,2024,4,12,2024-12,Aralık,29,364,6,Pazar,52,2024-W52,True,False,True
2024-12-30,2024,4,12,2024-12,Aralık,30,365,0,Pazartesi,1,2025-W01,False,False,True
2024-12-31,2024,4,12,2024-12,Aralık,31,366,1,Salı,1,2025-W01,False,True,True
2025-01-01,2025,1,1,2025-01,Ocak,1,1,2,Çarşamba,1,2025-W01,False,False,True
2025-01-02,2025,1,1,2025-01,Ocak,2,2,3,Perşembe,1,2025-W01,False,False,True
2025-01-03,2025,1,1,2025-01,Ocak,3,3,4,Cuma,1,2025-W01,False,False,True
2025-01-04,2025,1,1,2025-01,Ocak,4,4,5,Cumartesi,1,2025-W01,True,False,True
2025-01-05,2025,1,1,2025-01,Ocak,5,5,6,Pazar,1,2025-W01,True,False,True
2025-01-06,2025,1,1,2025-01,Ocak,6,6,0,Pazartesi,2,2025-W02,False,False,True
2025-01-07,2025,1,1,2025-01,Ocak,7,7,1,Salı,2,2025-W02,False,False,True
2025-01-08,2025,1,1,2025-01,Ocak,8,8,2,Çarşamba,2,2025-W02,False,False,True
2025-01-09,2025,1,1,2025-01,Ocak,9,9,3,Perşembe,2,2025-W02,False,False,True
2025-01-10,2025,1,1,2025-01,Ocak,10,10,4,Cuma,2,2025-W02,False,False,True
2025-01-11,2025,1,1,2025-01,Ocak,11,11,5,Cumartesi,2,2025-W02,True,False,True
2025-01-12,2025,1,1,2025-01,Ocak,12,12,6,Pazar,2,2025-W02,True,False,True
2025-01-13,2025,1,1,2025-01,Ocak,13,13,0,Pazartesi,3,2025-W03,False,False,True
2025-01-14,2025,1,1,2025-01,Ocak,14,14,1,Salı,3,2025-W03,False,False,True
2025-01-15,2025,1,1,2025-01,Ocak,15,15,2,Çarşamba,3,2025-W03,False,False,True
2025-01-16,2025,1,1,2025-01,Ocak,16,16,3,Perşembe,3,2025-W03,False,False,True
2025-01-17,2025,1,1,2025-01,Ocak,17,17,4,Cuma,3,2025-W03,False,False,True
2025-01-18,2025,1,1,2025-01,Ocak,18,18,5,Cumartesi,3,2025-W03,True,False,True
2025-01-19,2025,1,1,2025-01,Ocak,19,19,6,Pazar,3,2025-W03,True,False,True
2025-01-20,2025,1,1,2025-01,Ocak,20,20,0,Pazartesi,4,2025-W04,False,False,True
2025-01-21,2025,1,1,2025-01,Ocak,21,21,1,Salı,4,2025-W04,False,False,True
2025-01-22,2025,1,1,2025-01,Ocak,22,22,2,Çarşamba,4,2025-W04,False,False,True
2025-01-23,2025,1,1,2025-01,Ocak,23,23,3,Perşembe,4,2025-W04,False,False,True
2025-01-24,2025,1,1,2025-01,Ocak,24,24,4,Cuma,4,2025-W04,False,False,True
2025-01-25,2025,1,1,2025-01,Ocak,25,25,5,Cumartesi,4,2025-W04,True,False,True
2025-01-26,2025,1,1,2025-01,Ocak,26,26,6,Pazar,4,2025-W04,True,False,True
2025-01-27,2025,1,1,2025-01,Ocak,27,27,0,Pazartesi,5,2025-W05,False,False,True
2025-01-28,2025,1,1,2025-01,Ocak,28,28,1,Salı,5,2025-W05,False,False,True
2025-01-29,2025,1,1,2025-01,Ocak,29,29,2,Çarşamba,5,2025-W05,False,False,True
2025-01-30,2025,1,1,2025-01,Ocak,30,30,3,Perşembe,5,2025-W05,False,False,True
2025-01-31,2025,1,1,2025-01,Ocak,31,31,4,Cuma,5,2025-W05,False,True,True
