store_code,net_sales,gross_sales,return_amount,return_rate_amount,net_quantity,n_transactions,avg_line_amount,revenue_rank,revenue_share_pct,revenue_tier,active_months,first_sale_date,last_sale_date,top_fit,top_fit_share_pct
1663,179354.03032,255547.76032,-76193.73,0.2982,171,347,516.87,1,1.0059,A,12,2024-02-02,2025-01-30,Mom,23.89
1636,178093.79865,238940.12865,-60846.33,0.2547,176,312,570.81,2,0.9988,A,12,2024-02-08,2025-01-31,Straight,30.69
1578,175539.88979000002,249184.61979,-73644.73,0.2955,171,327,536.82,3,0.9845,A,12,2024-02-01,2025-01-31,Wide Leg,19.89
1507,163336.64396000002,225164.94396,-61828.3,0.2746,158,294,555.57,4,0.9161,A,12,2024-02-02,2025-01-31,Straight,26.2
1758,160826.63475,206318.92475,-45492.29,0.2205,159,263,611.51,5,0.902,A,11,2024-02-01,2025-01-31,Straight,30.36
1527,160048.52896,230378.18896,-70329.66,0.3053,155,309,517.96,6,0.8976,A,12,2024-02-01,2025-01-30,Straight,30.52
1714,155869.68339,203065.23339,-47195.55,0.2324,197,305,511.05,7,0.8742,A,12,2024-02-05,2025-01-31,Straight,20.65
1806,154569.49873,237416.23873,-82846.74,0.349,143,329,469.82,8,0.8669,A,12,2024-02-01,2025-01-31,Wide Leg,22.76
1845,153429.08452,188970.81452,-35541.73,0.1881,152,226,678.89,9,0.8605,A,12,2024-02-03,2025-01-24,Straight,31.27
1628,150265.12716,202869.11716,-52603.99,0.2593,149,258,582.42,10,0.8427,A,12,2024-02-01,2025-01-30,Straight,27.45
1673,141472.47965,189589.40965000002,-48116.93,0.2538,137,243,582.19,11,0.7934,A,12,2024-02-02,2025-01-31,Straight,29.47
1688,138248.24079,179835.23079,-41586.99,0.2313,126,222,622.74,12,0.7753,A,11,2024-02-09,2025-01-31,Straight,23.4
1543,137776.34155,175171.05155,-37394.71,0.2135,130,214,643.81,13,0.7727,A,12,2024-02-01,2025-01-29,Straight,32.74
1687,136168.61263000002,175527.75263,-39359.14,0.2242,140,226,602.52,14,0.7637,A,12,2024-02-03,2025-01-30,Straight,31.18
1552,130917.51932,164219.05932,-33301.54,0.2028,124,192,681.86,15,0.7342,A,12,2024-02-04,2025-01-28,Straight,28.24
1828,126465.58796,170003.56796000001,-43537.98,0.2561,123,215,588.21,16,0.7093,A,12,2024-02-01,2025-01-29,Straight,24.8
1666,125325.55778,217093.66778000002,-91768.11,0.4227,132,328,382.09,17,0.7029,A,12,2024-02-02,2025-01-31,Straight,23.59
1618,124012.67354,164878.78354,-40866.11,0.2479,120,210,590.54,18,0.6955,A,12,2024-02-01,2025-01-29,Straight,30.35
1631,122009.21982,172794.96982,-50785.75,0.2939,120,227,537.49,19,0.6843,A,12,2024-02-02,2025-01-31,Straight,24.02
1803,117070.41683,160441.19683,-43370.78,0.2703,116,212,552.22,20,0.6566,A,12,2024-02-04,2025-01-31,Straight,20.95
1694,116991.47174000001,167239.08174,-50247.61,0.3005,145,278,420.83,21,0.6561,A,12,2024-02-05,2025-01-30,Straight,26.01
1641,112277.15139,148662.63139,-36385.48,0.2448,107,187,600.41,22,0.6297,A,12,2024-02-01,2025-01-29,Wide Leg,22.82
1871,111689.03563,150345.36563000001,-38656.33,0.2571,114,200,558.45,23,0.6264,A,12,2024-02-03,2025-01-31,Straight,24.03
1811,110792.54490000001,141139.80490000002,-30347.260000000002,0.215,111,177,625.95,24,0.6214,A,12,2024-02-03,2025-01-27,Straight,29.87
1605,110722.56678000001,144792.68678,-34070.12,0.2353,113,195,567.81,25,0.621,A,12,2024-02-01,2025-01-30,Straight,27.27
1576,110627.8892,145980.1792,-35352.29,0.2422,108,182,607.85,26,0.6204,A,12,2024-02-01,2025-01-28,Straight,24.52
1696,109390.60665,159345.32665,-49954.72,0.3135,104,210,520.91,27,0.6135,A,12,2024-02-02,2025-01-31,Straight,24.02
1838,108464.00378,138843.61378,-30379.61,0.2188,105,171,634.29,28,0.6083,A,12,2024-02-03,2025-01-28,Straight,39.8
1516,107881.57479,140634.91479,-32753.34,0.2329,104,176,612.96,29,0.605,A,12,2024-02-04,2025-01-31,Straight,26.51
1650,106083.62967,137915.12967,-31831.5,0.2308,102,168,631.45,30,0.595,A,12,2024-02-01,2025-01-26,Straight,29.71
1939,105327.73131,147498.20131,-42170.47,0.2859,99,189,557.29,31,0.5907,A,12,2024-02-09,2025-01-29,Straight,33.52
1922,104925.73496,167327.35496,-62401.62,0.3729,103,243,431.79,32,0.5885,A,11,2024-02-01,2025-01-28,Straight,24.16
1864,104471.71126,170745.03126,-66273.32,0.3881,97,245,426.42,33,0.5859,A,12,2024-02-10,2025-01-29,Wide Leg,29.06
1807,103582.72320000001,153711.9332,-50129.21,0.3261,102,212,488.6,34,0.5809,A,12,2024-02-01,2025-01-31,Mom,22.51
1581,103329.50213000001,150409.38213,-47079.880000000005,0.313,101,199,519.24,35,0.5795,A,12,2024-02-03,2025-01-30,Straight,29.0
1873,102276.21887,146380.67887,-44104.46,0.3013,102,196,521.82,36,0.5736,A,12,2024-02-02,2025-01-31,Flare,21.61
1517,101349.79954,137748.85954,-36399.06,0.2642,99,179,566.2,37,0.5684,A,12,2024-02-01,2025-01-31,Straight,35.07
1575,99215.28613000001,153441.15613000002,-54225.87,0.3534,95,217,457.21,38,0.5564,A,11,2024-02-03,2024-12-29,Straight,27.61
1870,94957.17888,130158.95888,-35201.78,0.2705,94,168,565.22,39,0.5326,A,12,2024-02-04,2025-01-31,Straight,28.88
1915,93545.30166,149194.13166,-55648.83,0.373,88,208,449.74,40,0.5246,A,12,2024-02-02,2025-01-31,Flare,27.44
1936,92655.58391,129147.39391,-36491.81,0.2826,92,174,532.5,41,0.5196,A,12,2024-02-11,2025-01-31,Straight,33.02
1825,92519.77233,137520.08233,-45000.31,0.3272,96,192,481.87,42,0.5189,A,12,2024-02-04,2025-01-28,Mom,20.58
1646,92274.73478,122354.45478,-30079.72,0.2458,103,173,533.38,43,0.5175,A,12,2024-02-10,2025-01-31,Flare,21.83
1885,92088.08492000001,131480.63492,-39392.55,0.2996,93,179,514.46,44,0.5165,A,12,2024-02-03,2025-01-30,Flare,35.06
1855,89171.74513,135213.42513,-46041.68,0.3405,86,188,474.32,45,0.5001,A,12,2024-02-06,2025-01-29,Straight,20.07
1734,88436.41381,128290.29381,-39853.880000000005,0.3107,106,196,451.21,46,0.496,A,12,2024-02-05,2025-01-26,Straight,23.39
1651,88313.59853,108185.56853,-19871.97,0.1837,88,132,669.04,47,0.4953,A,12,2024-02-03,2025-01-30,Straight,31.43
1823,88235.82872,129883.35872,-41647.53,0.3207,85,177,498.51,48,0.4949,A,12,2024-02-02,2025-01-31,Straight,27.38
1775,88055.77212000001,130102.43212,-42046.66,0.3232,85,183,481.18,49,0.4938,A,12,2024-02-03,2025-01-30,Straight,29.68
1647,86694.86478,122944.84478,-36249.98,0.2948,85,165,525.42,50,0.4862,A,12,2024-02-03,2025-01-29,Straight,29.96
1894,86633.92871000001,99322.71871,-12688.79,0.1278,90,118,734.19,51,0.4859,A,12,2024-02-04,2025-01-31,Flare,18.46
1533,85930.33404,141043.45404,-55113.12,0.3908,82,198,433.99,52,0.4819,A,12,2024-02-02,2025-01-31,Flare,22.84
1677,85564.78263,134609.55263,-49044.770000000004,0.3643,87,199,429.97,53,0.4799,A,12,2024-02-03,2025-01-31,Straight,26.8
1556,85096.86618,131679.72618,-46582.86,0.3538,83,185,459.98,54,0.4773,A,12,2024-02-01,2025-01-25,Straight,33.39
1813,84809.10875,122355.72875000001,-37546.62,0.3069,85,167,507.84,55,0.4756,A,12,2024-02-20,2025-01-30,Flare,28.24
1559,84423.99593,112888.63593,-28464.64,0.2521,85,151,559.1,56,0.4735,A,12,2024-02-02,2025-01-23,Straight,33.14
1621,83329.94746,124987.55746,-41657.61,0.3333,80,170,490.18,57,0.4673,A,12,2024-02-03,2025-01-31,Straight,28.95
1814,82366.71792,138808.31792,-56441.6,0.4066,76,206,399.84,58,0.4619,A,12,2024-02-03,2025-01-30,Wide Leg,24.11
1658,81747.70867,111549.99867,-29802.29,0.2672,83,147,556.11,59,0.4585,A,12,2024-02-04,2025-01-22,Mom,23.8
1608,81056.06028,113128.59028,-32072.53,0.2835,75,148,547.68,60,0.4546,A,12,2024-02-04,2025-01-29,Straight,28.03
1826,81051.154,115380.704,-34329.55,0.2975,86,164,494.21,61,0.4546,A,12,2024-02-07,2025-01-29,Flare,31.64
1801,81029.19295,103700.95295,-22671.76,0.2186,78,130,623.3,62,0.4544,A,12,2024-02-02,2025-01-28,Straight,27.99
1667,80651.03724,113921.73724,-33270.7,0.292,81,157,513.7,63,0.4523,A,12,2024-02-06,2025-01-23,Straight,24.55
1820,80271.32852,99529.13852000001,-19257.81,0.1935,84,124,647.35,64,0.4502,A,12,2024-02-03,2025-01-31,Straight,30.77
1561,79852.37939,125141.13939,-45288.76,0.3619,76,172,464.26,65,0.4478,A,12,2024-02-03,2025-01-26,Straight,22.97
1810,79619.60577,109930.00577,-30310.4,0.2757,82,146,545.34,66,0.4465,A,12,2024-02-01,2025-01-27,Slim Straight,20.2
1892,79505.52076,104986.30076,-25480.78,0.2427,77,135,588.93,67,0.4459,A,12,2024-02-11,2025-01-24,Straight,28.78
1844,79058.42228,128636.85228,-49578.43,0.3854,78,188,420.52,68,0.4434,A,11,2024-02-02,2025-01-29,Straight,38.07
1935,79009.23465,114375.58465,-35366.35,0.3092,84,164,481.76,69,0.4431,A,12,2024-02-09,2025-01-30,Straight,26.16
1570,78794.06719,123345.59719,-44551.53,0.3612,76,173,455.46,70,0.4419,A,12,2024-02-04,2025-01-31,Straight,22.43
1822,78362.78921,113657.17921,-35294.39,0.3105,79,157,499.13,71,0.4395,A,12,2024-02-01,2025-01-30,Straight,25.71
1637,76573.03198,105329.70198,-28756.67,0.273,75,140,546.95,72,0.4294,A,12,2024-02-06,2025-01-31,Flare,27.77
1856,76559.59432,102308.47432000001,-25748.88,0.2517,75,131,584.42,73,0.4294,A,12,2024-02-02,2025-01-30,Mom,26.78
1839,75995.17082,91986.52082,-15991.35,0.1738,78,114,666.62,74,0.4262,A,12,2024-02-01,2025-01-31,Straight,27.85
1777,72594.02576,113313.83576,-40719.81,0.3594,75,165,439.96,75,0.4071,A,12,2024-02-02,2025-01-31,Wide Leg,19.87
1932,72374.06628,93055.65628,-20681.59,0.2222,75,118,613.34,76,0.4059,A,12,2024-02-26,2025-01-28,Mom,25.44
1655,71645.17703,95324.36703000001,-23679.19,0.2484,67,120,597.04,77,0.4018,A,12,2024-02-05,2025-01-28,Straight,25.32
1614,71287.12098,97403.19098,-26116.07,0.2681,73,127,561.32,78,0.3998,A,12,2024-02-07,2025-01-27,Flare,30.07
1662,70905.58014,99238.06014,-28332.48,0.2855,66,128,553.95,79,0.3977,A,12,2024-02-02,2025-01-29,Straight,30.52
1848,69992.64556,97348.20556,-27355.56,0.281,70,130,538.4,80,0.3925,A,12,2024-02-03,2025-01-29,Flare,27.34
1857,69683.03511,87038.34511,-17355.31,0.1994,71,107,651.24,81,0.3908,A,12,2024-02-02,2025-01-29,Straight,19.52
1911,69353.10566,88818.44566,-19465.34,0.2192,70,114,608.36,82,0.389,A,12,2024-02-03,2025-01-31,Straight,31.31
1674,68584.70314,103244.52314,-34659.82,0.3357,70,144,476.28,83,0.3846,A,12,2024-02-20,2025-01-31,Flare,24.62
1842,68570.90026,85585.49026,-17014.59,0.1988,68,104,659.34,84,0.3846,A,12,2024-02-03,2025-01-30,Straight,34.55
1579,68454.66741000001,96998.78741,-28544.12,0.2943,64,128,534.8,85,0.3839,A,12,2024-02-01,2025-01-28,Straight,35.12
1625,68335.96588,91141.53588,-22805.57,0.2502,65,115,594.23,86,0.3833,A,12,2024-02-09,2025-01-30,Straight,32.32
1551,67798.10558,81040.69558,-13242.59,0.1634,66,94,721.26,87,0.3802,A,12,2024-02-02,2025-01-31,Straight,29.7
1675,67796.03723,86158.11723,-18362.08,0.2131,67,109,621.98,88,0.3802,A,12,2024-02-07,2025-01-30,Flare,24.24
1896,67345.77973,90150.14973,-22804.37,0.253,69,117,575.6,89,0.3777,B,12,2024-02-01,2025-01-29,Straight,21.39
1837,67311.83114,113415.86114000001,-46104.03,0.4065,67,164,410.44,90,0.3775,B,12,2024-02-01,2025-01-29,Straight,24.16
1766,67053.92479,83053.08479000001,-15999.16,0.1926,72,106,632.58,91,0.3761,B,12,2024-02-01,2025-01-29,Mom,29.65
1665,66783.88113000001,90833.72113,-24049.84,0.2648,62,118,565.97,92,0.3745,B,12,2024-02-04,2025-01-29,Straight,25.97
1715,66503.70233,75888.74233000001,-9385.04,0.1237,73,95,700.04,93,0.373,B,12,2024-02-25,2025-01-31,Flare,24.2
1914,65952.58191000001,85422.64191,-19470.06,0.2279,65,109,605.07,94,0.3699,B,12,2024-02-03,2025-01-29,Straight,33.42
1678,65036.95317,113945.41317,-48908.46,0.4292,61,171,380.33,95,0.3648,B,12,2024-02-04,2025-01-25,Straight,32.76
1906,64797.9639,95860.0239,-31062.06,0.324,63,131,494.64,96,0.3634,B,12,2024-02-01,2025-01-24,Mom,21.42
1557,64073.879460000004,81112.22946,-17038.35,0.2101,61,99,647.21,97,0.3594,B,12,2024-02-03,2025-01-25,Flare,27.89
1769,63743.0708,76091.2708,-12348.2,0.1623,62,88,724.35,98,0.3575,B,12,2024-02-04,2025-01-24,Flare,35.29
1913,63601.983360000006,100174.70336,-36572.72,0.3651,59,143,444.77,99,0.3567,B,12,2024-02-03,2025-01-31,Straight,29.01
1519,63275.16027,90902.23027,-27627.07,0.3039,59,117,540.81,100,0.3549,B,12,2024-02-02,2025-01-30,Straight,34.2
1638,63118.98694,88562.42694,-25443.44,0.2873,63,115,548.86,101,0.354,B,12,2024-02-11,2025-01-31,Flare,25.7
1574,62827.175200000005,83802.3852,-20975.21,0.2503,58,108,581.73,102,0.3524,B,12,2024-02-06,2025-01-31,Flare,33.84
1593,62336.25866,89900.18866,-27563.93,0.3066,61,121,515.18,103,0.3496,B,12,2024-02-01,2025-01-21,Wide Leg,28.59
1852,61800.778900000005,90706.5389,-28905.760000000002,0.3187,60,122,506.56,104,0.3466,B,12,2024-02-05,2025-01-13,Straight,28.67
1654,61318.70133,84084.77133,-22766.07,0.2708,61,109,562.56,105,0.3439,B,12,2024-02-03,2025-01-26,Straight,27.39
1671,60704.82965,75459.51965,-14754.69,0.1955,59,90,674.5,106,0.3405,B,12,2024-02-03,2025-01-26,Baggy,20.7
1750,60041.98775,73841.85775,-13799.87,0.1869,63,91,659.8,107,0.3367,B,10,2024-04-06,2025-01-26,Straight,21.28
1923,60007.88163,126652.83163,-66644.95,0.5262,51,203,295.61,108,0.3365,B,12,2024-02-04,2025-01-30,Straight,31.47
1759,59658.47262,70048.36262,-10389.89,0.1483,64,90,662.87,109,0.3346,B,12,2024-02-01,2025-01-30,Straight,24.79
1555,59651.99955,95940.47955,-36288.48,0.3782,59,141,423.06,110,0.3346,B,12,2024-02-02,2025-01-24,Straight,32.31
1699,59100.860590000004,110657.21059,-51556.35,0.4659,60,176,335.8,111,0.3315,B,12,2024-02-02,2025-01-30,Straight,23.75
1835,58950.29198,77131.92198,-18181.63,0.2357,60,98,601.53,112,0.3306,B,12,2024-02-11,2025-01-28,Straight,19.59
1882,58934.64104,75421.97104,-16487.33,0.2186,59,95,620.36,113,0.3305,B,12,2024-02-06,2025-01-30,Wide Leg,27.61
1630,58772.278640000004,80102.37864,-21330.1,0.2663,58,104,565.12,114,0.3296,B,12,2024-02-28,2025-01-30,Straight,37.52
1847,58556.006140000005,69083.15614,-10527.15,0.1524,59,85,688.89,115,0.3284,B,11,2024-03-04,2025-01-26,Straight,23.93
1760,58514.3364,78866.5764,-20352.24,0.2581,55,105,557.28,116,0.3282,B,12,2024-02-01,2025-01-31,Flare,24.42
1640,58512.96108,101039.73108,-42526.770000000004,0.4209,58,144,406.34,117,0.3282,B,12,2024-02-10,2025-01-31,Flare,22.66
1689,58345.64848,78934.97848,-20589.33,0.2608,56,101,577.68,118,0.3272,B,12,2024-02-06,2025-01-27,Wide Leg,25.83
1624,58035.71465,86460.44465,-28424.73,0.3288,54,118,491.83,119,0.3255,B,12,2024-02-04,2025-01-28,Straight,23.55
1644,58017.12997,68362.46997,-10345.34,0.1513,58,82,707.53,120,0.3254,B,12,2024-02-17,2025-01-18,Straight,26.94
1669,57251.34257,73704.81257000001,-16453.47,0.2232,66,104,550.49,121,0.3211,B,12,2024-02-03,2025-01-21,Straight,31.99
1743,56935.13986,72403.74986,-15468.61,0.2136,59,93,612.21,122,0.3193,B,12,2024-02-01,2025-01-27,Straight,23.46
1789,56591.03402,72004.25402000001,-15413.22,0.2141,65,105,538.96,123,0.3174,B,12,2024-02-04,2025-01-25,Mom,31.07
1681,56402.03506,70700.33506,-14298.300000000001,0.2022,57,85,663.55,124,0.3163,B,12,2024-02-09,2025-01-31,Straight,22.54
1910,55651.70633,77291.38633,-21639.68,0.28,55,101,551.01,125,0.3121,B,12,2024-02-16,2025-01-17,Straight,22.2
1542,54928.50331,91578.17331,-36649.67,0.4002,56,134,409.91,126,0.3081,B,12,2024-02-01,2025-01-30,Straight,26.62
1626,54823.39613,75974.32613,-21150.93,0.2784,52,102,537.48,127,0.3075,B,12,2024-02-02,2025-01-31,Flare,26.61
1538,54735.70825,99038.28825,-44302.58,0.4473,52,144,380.11,128,0.307,B,12,2024-02-02,2025-01-29,Flare,22.82
1818,54398.68187,83374.84187,-28976.16,0.3475,69,143,380.41,129,0.3051,B,12,2024-02-06,2025-01-30,Flare,33.17
1883,53964.76432,69817.65432,-15852.89,0.2271,54,90,599.61,130,0.3027,B,12,2024-02-04,2025-01-31,Straight,30.61
1545,53687.42765,83877.67765,-30190.25,0.3599,56,124,432.96,131,0.3011,B,12,2024-02-03,2025-01-31,Straight,18.95
1686,53646.28925,67306.16925,-13659.88,0.203,59,95,564.7,132,0.3009,B,12,2024-02-02,2025-01-20,Wide Leg,23.08
1840,53427.66404,87209.47404,-33781.81,0.3874,57,129,414.17,133,0.2996,B,12,2024-02-01,2025-01-30,Mom,29.66
1660,52895.21919,74406.40919,-21511.19,0.2891,51,99,534.3,134,0.2967,B,12,2024-02-01,2025-01-26,Straight,27.66
1652,52637.98038,73049.12038000001,-20411.14,0.2794,68,130,404.91,135,0.2952,B,12,2024-02-13,2025-01-30,Mom,24.33
1549,52492.87674,80133.87674,-27641.0,0.3449,51,109,481.59,136,0.2944,B,12,2024-02-08,2025-01-29,Straight,24.46
1732,51821.81538,59631.97538,-7810.16,0.131,51,67,773.46,137,0.2906,B,12,2024-02-08,2025-01-28,Super Skinny,24.54
1867,51738.32263,88491.92263,-36753.6,0.4153,52,132,391.96,138,0.2902,B,12,2024-02-08,2025-01-31,Straight,49.29
1874,51358.40219,72957.75219,-21599.35,0.2961,49,99,518.77,139,0.288,B,11,2024-02-01,2025-01-29,Straight,21.72
1657,51243.90814,74550.64814,-23306.74,0.3126,52,108,474.48,140,0.2874,B,12,2024-02-07,2025-01-31,Straight,35.25
1879,50813.14933,81385.10933,-30571.96,0.3756,53,123,413.12,141,0.285,B,12,2024-02-10,2025-01-30,Mom,17.84
1919,50666.85246,77136.75246,-26469.9,0.3432,49,111,456.46,142,0.2842,B,12,2024-02-04,2025-01-30,Mom,24.92
1692,50311.5549,68985.6249,-18674.07,0.2707,48,88,571.72,143,0.2822,B,12,2024-02-01,2025-01-30,Straight,18.31
1747,50214.13056,57732.22056,-7518.09,0.1302,53,71,707.24,144,0.2816,B,12,2024-02-10,2025-01-31,Straight,37.81
1824,49932.7447,58953.614630000004,-9020.86993,0.153,49,69,723.66,145,0.28,B,12,2024-02-18,2025-01-31,Flare,22.66
1744,49927.61429,67378.23429000001,-17450.62,0.259,48,94,531.14,146,0.28,B,12,2024-02-25,2025-01-29,Super Skinny,20.45
1661,49821.18241,70949.83241,-21128.65,0.2978,48,98,508.38,147,0.2794,B,12,2024-02-05,2025-01-30,Straight,24.58
1632,49555.60677,68770.79677,-19215.19,0.2794,49,93,532.86,148,0.2779,B,12,2024-02-04,2025-01-30,Wide Leg,21.62
1920,49290.83633,65031.57633,-15740.74,0.242,50,84,586.8,149,0.2764,B,12,2024-02-05,2025-01-26,Straight,27.6
1514,48874.29199,70486.21199,-21611.92,0.3066,50,94,519.94,150,0.2741,B,12,2024-02-01,2025-01-31,Flare,26.03
1596,47895.45566,56263.27566,-8367.82,0.1487,46,64,748.37,151,0.2686,B,11,2024-03-17,2025-01-31,Straight,32.57
1690,47223.158,72250.208,-25027.05,0.3464,47,97,486.84,152,0.2648,B,12,2024-02-08,2025-01-31,Flare,37.79
1712,47174.80434,67036.78434,-19861.98,0.2963,49,97,486.34,153,0.2646,B,12,2024-02-11,2025-01-31,Mom,36.99
1679,47101.33476,78721.76476,-31620.43,0.4017,46,116,406.05,154,0.2642,B,12,2024-02-01,2025-01-31,Mom,30.96
1834,47038.90729,67133.89729000001,-20094.99,0.2993,46,88,534.53,155,0.2638,B,11,2024-02-07,2024-12-01,Straight,34.35
1616,46946.693230000004,76317.92323,-29371.23,0.3849,45,113,415.46,156,0.2633,B,12,2024-02-08,2025-01-27,Straight,35.96
1925,46894.30099,59525.18099,-12630.880000000001,0.2122,46,76,617.03,157,0.263,B,12,2024-02-04,2025-01-18,Flare,25.98
1540,46512.12767,77264.55767,-30752.43,0.398,44,110,422.84,158,0.2609,B,12,2024-02-01,2025-01-27,Flare,45.91
1860,46383.60968,62892.08968,-16508.48,0.2625,45,83,558.84,159,0.2601,B,12,2024-02-12,2025-01-26,Straight,29.52
1619,45966.18022,58238.97022,-12272.79,0.2107,50,78,589.31,160,0.2578,B,12,2024-02-11,2025-01-30,Flare,30.14
1553,45491.05897,59646.39897,-14155.34,0.2373,45,77,590.79,161,0.2551,B,12,2024-02-17,2025-01-06,Flare,36.38
1909,45478.88561,67021.91561,-21543.03,0.3214,44,94,483.82,162,0.2551,B,12,2024-02-01,2025-01-30,Flare,34.74
1546,45148.494340000005,55937.314340000004,-10788.82,0.1929,45,67,673.86,163,0.2532,B,12,2024-02-07,2025-01-25,Straight,31.59
1898,44914.37458,53326.094580000004,-8411.720000000001,0.1577,43,63,712.93,164,0.2519,B,12,2024-02-03,2025-01-18,Straight,24.16
1502,44594.64903,60938.70903,-16344.060000000001,0.2682,42,74,602.63,165,0.2501,B,12,2024-02-01,2025-01-31,Wide Leg,24.47
1780,44140.85202,60887.97202,-16747.12,0.275,42,78,565.91,166,0.2476,B,12,2024-02-11,2025-01-27,Straight,26.75
1764,44125.35337,71408.99337,-27283.64,0.3821,45,107,412.39,167,0.2475,B,12,2024-02-02,2025-01-24,Super Skinny,25.87
1594,43980.68174,52953.32174,-8972.64,0.1694,44,62,709.37,168,0.2467,B,12,2024-02-04,2025-01-23,Straight,32.24
1558,43977.980540000004,76737.09054,-32759.11,0.4269,44,112,392.66,169,0.2466,B,12,2024-02-04,2025-01-21,Straight,30.99
1912,43578.99756,64239.967560000005,-20660.97,0.3216,44,88,495.22,170,0.2444,B,12,2024-02-12,2025-01-31,Wide Leg,25.6
1843,43478.38178,69386.32178,-25907.940000000002,0.3734,44,100,434.78,171,0.2438,B,12,2024-02-07,2025-01-30,Straight,29.5
1524,43319.39822,63175.02822,-19855.63,0.3143,43,85,509.64,172,0.243,B,12,2024-02-04,2025-01-27,Mom,26.88
1812,43206.1776,66260.4776,-23054.3,0.3479,46,94,459.64,173,0.2423,B,12,2024-02-07,2025-01-31,Flare,40.1
1693,43001.785990000004,63790.82599,-20789.04,0.3259,42,90,477.8,174,0.2412,B,12,2024-02-08,2025-01-31,Straight,18.76
1853,42979.34488,54797.87488,-11818.53,0.2157,43,73,588.76,175,0.241,B,12,2024-02-12,2025-01-28,Straight,25.71
1547,42897.16058,52108.89058,-9211.73,0.1768,44,64,670.27,176,0.2406,B,12,2024-02-01,2025-01-22,Mom,21.38
1938,42542.90972,62739.81972,-20196.91,0.3219,43,89,478.01,177,0.2386,B,12,2024-02-03,2025-01-30,Straight,29.37
1751,42064.79586,73669.71586,-31604.920000000002,0.429,46,124,339.23,178,0.2359,B,12,2024-02-02,2025-01-28,Straight,24.53
1649,42051.2119,60144.441900000005,-18093.23,0.3008,45,91,462.1,179,0.2358,B,9,2024-02-03,2024-10-08,Mom,25.1
1518,41888.94088,65499.29088,-23610.35,0.3605,40,94,445.63,180,0.2349,B,12,2024-02-14,2025-01-29,Straight,32.75
1931,41866.32912,65266.25912,-23399.93,0.3585,43,95,440.7,181,0.2348,B,12,2024-02-07,2025-01-14,Mom,38.52
1716,41742.72439,54781.30439,-13038.58,0.238,42,72,579.76,182,0.2341,B,11,2024-02-08,2025-01-25,Straight,17.06
1863,41552.693380000004,62436.193380000004,-20883.5,0.3345,44,88,472.19,183,0.233,B,12,2024-02-02,2025-01-26,Flare,30.24
1917,41425.03014,49160.77014,-7735.74,0.1574,50,67,618.28,184,0.2323,B,12,2024-02-01,2025-01-26,Mom,24.69
1523,40977.97774,60064.86774,-19086.89,0.3178,40,80,512.22,185,0.2298,B,12,2024-02-01,2025-01-29,Flare,29.5
1804,40826.737440000004,55407.69744,-14580.96,0.2632,41,75,544.36,186,0.229,B,12,2024-02-02,2025-01-23,Super Skinny,18.92
1718,40610.869230000004,57481.33923,-16870.47,0.2935,42,80,507.64,187,0.2278,B,12,2024-02-11,2025-01-30,Flare,26.04
1566,40555.92589,56353.92589,-15798.0,0.2803,36,72,563.28,188,0.2275,B,12,2024-02-10,2025-01-17,Straight,40.29
1829,40015.74474,54175.20474,-14159.460000000001,0.2614,38,72,555.77,189,0.2244,B,12,2024-02-04,2025-01-26,Straight,35.1
1817,39967.804090000005,55265.56409,-15297.76,0.2768,39,73,547.5,190,0.2242,B,12,2024-02-02,2025-01-25,Straight,36.13
1802,39894.95468,65660.36468,-25765.41,0.3924,39,99,402.98,191,0.2237,B,12,2024-02-04,2025-01-26,Super Skinny,29.22
1505,39870.79616,52092.70616,-12221.91,0.2346,39,63,632.87,192,0.2236,C,12,2024-02-04,2025-01-28,Straight,25.86
1653,39457.50553,50911.92553,-11454.42,0.225,41,65,607.04,193,0.2213,C,12,2024-02-02,2025-01-25,Flare,24.41
1836,39180.82155,56736.77155,-17555.95,0.3094,39,79,495.96,194,0.2197,C,12,2024-02-20,2025-01-24,Straight,39.16
1508,39131.7545,51577.084500000004,-12445.33,0.2413,42,68,575.47,195,0.2195,C,12,2024-02-15,2025-01-26,Straight,26.07
1748,38691.54804,47514.88804,-8823.34,0.1857,44,62,624.06,196,0.217,C,12,2024-02-04,2025-01-31,Flare,25.29
1849,38634.75437,67414.66437,-28779.91,0.4269,39,103,375.09,197,0.2167,C,12,2024-02-04,2025-01-27,Wide Leg,39.25
1926,38524.04717,57017.74717,-18493.7,0.3243,38,82,469.81,198,0.2161,C,12,2024-02-11,2025-01-20,Mom,25.78
1534,38324.87492,60932.97492,-22608.100000000002,0.371,38,88,435.51,199,0.2149,C,12,2024-02-02,2025-01-30,Super Skinny,30.03
1889,37790.03069,52703.59069,-14913.56,0.283,37,69,547.68,200,0.2119,C,12,2024-02-11,2025-01-25,Straight,21.31
1512,37736.23591,43372.54591,-5636.31,0.13,40,52,725.7,201,0.2116,C,12,2024-02-06,2025-01-24,Mom,24.67
1921,37400.65727,61066.88727,-23666.23,0.3875,35,91,411.0,202,0.2098,C,12,2024-02-04,2025-01-15,Wide Leg,26.86
1940,36618.441530000004,48527.39153,-11908.949999999999,0.2454,37,63,581.25,203,0.2054,C,12,2024-02-06,2025-01-25,Straight,26.54
1535,36472.79,44689.36,-8216.57,0.1839,34,54,675.42,204,0.2046,C,12,2024-02-01,2025-01-28,Straight,34.42
1521,36393.546200000004,50097.9562,-13704.41,0.2736,36,64,568.65,205,0.2041,C,12,2024-02-10,2025-01-23,Straight,36.38
1525,36012.64795,54486.77795,-18474.13,0.3391,35,77,467.7,206,0.202,C,12,2024-02-05,2025-01-22,Flare,38.89
1588,35807.58682,46646.61682,-10839.03,0.2324,35,59,606.91,207,0.2008,C,11,2024-02-04,2025-01-26,Flare,33.33
1659,35664.793920000004,61106.443920000005,-25441.65,0.4163,39,97,367.68,208,0.2,C,12,2024-02-01,2025-01-20,Straight,49.28
1763,35656.36579,45601.725790000004,-9945.36,0.2181,43,62,575.1,209,0.2,C,12,2024-02-14,2025-01-30,Super Skinny,23.19
1565,35588.58242,54722.11242,-19133.53,0.3496,45,84,423.67,210,0.1996,C,12,2024-02-17,2025-01-30,Mom,36.52
1739,35389.08022,37306.90022,-1917.8200000000002,0.0514,47,51,693.9,211,0.1985,C,12,2024-02-11,2025-01-20,Straight,20.59
1941,35262.04894,61362.86894,-26100.82,0.4254,32,92,383.28,212,0.1978,C,12,2024-02-06,2025-01-29,Mom,20.69
1930,35125.11746,50239.52746,-15114.41,0.3008,35,69,509.06,213,0.197,C,12,2024-02-04,2025-01-29,Wide Leg,25.5
1713,35107.2403,44515.2103,-9407.97,0.2113,35,59,595.04,214,0.1969,C,11,2024-02-01,2025-01-30,Straight,21.81
1872,34883.25107,45236.09107,-10352.84,0.2289,39,63,553.7,215,0.1956,C,12,2024-02-03,2025-01-31,Straight,23.75
1572,34840.96282,39331.82282,-4490.860000000001,0.1142,37,47,741.3,216,0.1954,C,11,2024-02-12,2025-01-30,Straight,41.1
1831,34515.78776,53831.04776,-19315.260000000002,0.3588,33,73,472.82,217,0.1936,C,12,2024-02-27,2025-01-29,Flare,19.36
1643,34419.189060000004,51500.80906,-17081.62,0.3317,32,70,491.7,218,0.193,C,12,2024-02-12,2025-01-29,Mom,20.13
1907,34400.06336,47101.85336,-12701.79,0.2697,35,59,583.05,219,0.1929,C,12,2024-02-02,2025-01-28,Flare,21.25
1532,34170.40359,48142.94359,-13972.539999999999,0.2902,42,78,438.08,220,0.1916,C,12,2024-02-09,2025-01-25,Straight,46.37
1937,34156.11038,45164.68038,-11008.57,0.2437,35,59,578.92,221,0.1916,C,12,2024-02-02,2025-01-21,Straight,20.89
1765,33393.43859,40494.85859,-7101.42,0.1754,32,48,695.7,222,0.1873,C,12,2024-02-03,2025-01-25,Straight,26.33
1623,33143.24372,42244.00372,-9100.76,0.2154,34,54,613.76,223,0.1859,C,8,2024-05-08,2024-12-31,Straight,24.51
1776,32306.55028,42388.27028,-10081.720000000001,0.2378,38,60,538.44,224,0.1812,C,12,2024-02-16,2025-01-23,Mom,30.93
1591,32069.07149,45584.70149,-13515.630000000001,0.2965,33,63,509.03,225,0.1799,C,11,2024-02-05,2025-01-22,Straight,39.01
1706,31948.13997,39097.73997,-7149.6,0.1829,34,52,614.39,226,0.1792,C,12,2024-02-10,2025-01-19,Straight,28.24
1541,31517.076530000002,40774.78653,-9257.710000000001,0.227,29,51,617.98,227,0.1768,C,10,2024-03-09,2025-01-26,Straight,32.31
1850,31400.239100000003,45503.7891,-14103.55,0.3099,32,62,506.46,228,0.1761,C,12,2024-02-02,2025-01-31,Straight,29.51
1791,31270.83463,37475.91463,-6205.08,0.1656,33,49,638.18,229,0.1754,C,11,2024-02-05,2025-01-29,Flare,28.53
1536,31120.82587,45690.71587,-14569.89,0.3189,28,60,518.68,230,0.1745,C,12,2024-02-03,2025-01-20,Wide Leg,23.14
1877,30916.92127,41807.72127,-10890.8,0.2605,33,57,542.4,231,0.1734,C,11,2024-02-06,2025-01-27,Mom,42.26
1684,30837.24887,56236.77887,-25399.53,0.4517,32,90,342.64,232,0.1729,C,12,2024-02-01,2025-01-27,Super Skinny,27.64
1509,30708.91816,55220.91816,-24512.0,0.4439,32,86,357.08,233,0.1722,C,12,2024-02-04,2025-01-31,Flare,30.68
1895,30668.99125,38465.15125,-7796.16,0.2027,32,48,638.94,234,0.172,C,12,2024-02-09,2025-01-25,Straight,24.26
1897,30467.74024,36017.68024,-5549.9400000000005,0.1541,30,42,725.42,235,0.1709,C,10,2024-03-10,2025-01-28,Wide Leg,26.54
1788,30350.504060000003,40160.86406,-9810.36,0.2443,31,53,572.65,236,0.1702,C,12,2024-02-04,2025-01-29,Straight,50.05
1854,29639.70553,40841.43553,-11201.730000000001,0.2743,39,63,470.47,237,0.1662,C,12,2024-02-03,2025-01-25,Mom,23.03
1887,29630.48561,37157.68561,-7527.2,0.2026,28,44,673.42,238,0.1662,C,11,2024-03-15,2025-01-26,Wide Leg,26.3
1832,29129.63467,40048.91467,-10919.28,0.2726,31,57,511.05,239,0.1634,C,12,2024-02-02,2025-01-19,Straight,29.11
1861,28893.30387,38387.07387,-9493.77,0.2473,28,50,577.87,240,0.162,C,12,2024-02-16,2025-01-22,Flare,33.17
1520,28852.47459,51083.88459,-22231.41,0.4352,31,81,356.2,241,0.1618,C,12,2024-02-23,2025-01-26,Straight,24.2
1908,28665.36003,39319.78003,-10654.42,0.271,29,53,540.86,242,0.1608,C,12,2024-02-06,2025-01-20,Straight,30.52
1680,28560.64908,44329.62908,-15768.98,0.3557,32,70,408.01,243,0.1602,C,12,2024-02-04,2025-01-27,Straight,29.09
1612,28396.97653,35139.58653,-6742.61,0.1919,28,44,645.39,244,0.1593,C,11,2024-02-05,2024-12-23,Slim Straight,23.69
1603,28195.91151,47981.17151,-19785.260000000002,0.4124,26,72,391.61,245,0.1581,C,12,2024-02-03,2025-01-23,Flare,24.81
1548,28163.125200000002,43663.5652,-15500.44,0.355,29,63,447.03,246,0.1579,C,12,2024-02-07,2025-01-31,Wide Leg,26.93
1597,27924.27446,40017.22446,-12092.95,0.3022,28,54,517.12,247,0.1566,C,12,2024-02-01,2025-01-26,Straight,38.74
1639,27916.38675,31044.156750000002,-3127.77,0.1008,27,35,797.61,248,0.1566,C,12,2024-02-19,2025-01-20,Flare,33.36
1585,27611.06,37779.950000000004,-10168.89,0.2692,28,52,530.98,249,0.1549,C,11,2024-02-07,2025-01-26,Straight,39.53
1754,27603.71136,28471.33136,-867.62,0.0305,32,36,766.77,250,0.1548,C,12,2024-02-13,2025-01-22,Mom,27.94
1554,27537.56422,29210.26422,-1672.6999999999998,0.0573,26,32,860.55,251,0.1544,C,11,2024-02-06,2025-01-16,Straight,31.58
1927,27426.085750000002,47525.88575,-20099.8,0.4229,29,69,397.48,252,0.1538,C,12,2024-02-02,2025-01-13,Wide Leg,30.17
1695,27375.50658,42523.486580000004,-15147.980000000001,0.3562,25,59,463.99,253,0.1535,C,12,2024-02-28,2025-01-16,Straight,41.62
1583,26971.29979,35106.80979,-8135.51,0.2317,27,47,573.86,254,0.1513,C,12,2024-02-10,2025-01-24,Straight,38.27
1884,26657.56084,47482.04084,-20824.48,0.4386,28,76,350.76,255,0.1495,C,12,2024-02-03,2025-01-20,Slim Straight,34.77
1550,26258.41155,45914.06155,-19655.65,0.4281,24,66,397.85,256,0.1473,C,12,2024-02-11,2025-01-30,Flare,33.4
1634,26220.74218,30742.70218,-4521.96,0.1471,25,33,794.57,257,0.1471,C,6,2024-08-02,2025-01-28,Straight,51.18
1504,26026.483360000002,41927.86336,-15901.380000000001,0.3793,25,61,426.66,258,0.146,C,12,2024-02-02,2025-01-12,Straight,31.79
1573,26018.43796,37786.48796,-11768.050000000001,0.3114,28,54,481.82,259,0.1459,C,12,2024-02-18,2025-01-29,Flare,43.31
1590,25464.65981,42041.07981,-16576.42,0.3943,24,58,439.05,260,0.1428,C,12,2024-02-02,2025-01-26,Straight,24.81
1924,25359.51842,27359.49842,-1999.98,0.0731,25,29,874.47,261,0.1422,C,11,2024-03-07,2025-01-15,Straight,43.73
1929,25321.60973,30409.279730000002,-5087.67,0.1673,24,36,703.38,262,0.142,C,11,2024-02-07,2025-01-25,Straight,34.64
1676,25222.59104,48384.471040000004,-23161.88,0.4787,28,78,323.37,263,0.1415,C,12,2024-02-01,2025-01-31,Super Skinny,29.73
1762,24882.573,32191.583,-7309.01,0.227,26,42,592.44,264,0.1396,C,12,2024-02-03,2025-01-08,Mom,26.0
1592,24591.22042,34745.67042,-10154.45,0.2923,26,46,534.59,265,0.1379,C,11,2024-02-02,2025-01-17,Flare,33.05
1501,24417.024100000002,40662.3241,-16245.300000000001,0.3995,25,56,436.02,266,0.1369,C,12,2024-02-10,2025-01-06,Wide Leg,29.51
1888,24190.94127,27281.811270000002,-3090.87,0.1133,23,31,780.35,267,0.1357,C,10,2024-02-24,2025-01-05,Straight,32.75
1833,24063.19701,39932.07701,-15868.880000000001,0.3974,24,58,414.88,268,0.135,C,12,2024-02-06,2025-01-22,Straight,33.64
1607,23354.36392,39821.25392,-16466.89,0.4135,25,63,370.7,269,0.131,C,12,2024-02-08,2025-01-20,Flare,26.57
1513,23140.06798,44101.78798,-20961.72,0.4753,21,69,335.36,270,0.1298,C,11,2024-02-04,2025-01-29,Slim Straight,46.88
1529,22713.31,34804.31,-12091.0,0.3474,21,49,463.54,271,0.1274,C,11,2024-02-02,2025-01-27,Straight,22.98
1704,22642.20409,25365.53409,-2723.33,0.1074,24,30,754.74,272,0.127,C,9,2024-03-09,2025-01-26,Straight,23.61
1711,22514.02185,28013.96185,-5499.9400000000005,0.1963,30,42,536.05,273,0.1263,C,11,2024-02-17,2025-01-28,Mom,29.43
1753,22156.17978,25792.49978,-3636.32,0.141,22,32,692.38,274,0.1243,C,11,2024-02-11,2025-01-31,Super Skinny,23.72
1768,22059.413230000002,25417.913230000002,-3358.5,0.1321,33,44,501.35,275,0.1237,C,11,2024-02-14,2025-01-29,Super Skinny,29.12
1539,21917.143640000002,27644.35364,-5727.210000000001,0.2072,22,34,644.62,276,0.1229,C,12,2024-02-06,2025-01-28,Flare,36.35
1544,21252.41269,38632.52269,-17380.11,0.4499,23,59,360.21,277,0.1192,C,12,2024-02-07,2025-01-19,Flare,49.44
1790,21089.4597,26738.419700000002,-5648.96,0.2113,24,38,554.99,278,0.1183,C,12,2024-02-04,2025-01-26,Super Skinny,21.62
1717,20929.02236,27733.56236,-6804.54,0.2454,21,37,565.65,279,0.1174,C,11,2024-02-18,2025-01-31,Mom,19.63
1633,20878.898830000002,23480.06883,-2601.17,0.1108,22,28,745.67,280,0.1171,C,6,2024-08-11,2025-01-31,Mom,38.82
1670,20526.23673,29631.05673,-9104.82,0.3073,22,44,466.51,281,0.1151,C,12,2024-02-11,2025-01-29,Slim Straight,36.82
1627,20492.68077,31202.68077,-10710.0,0.3432,19,43,476.57,282,0.1149,C,9,2024-05-28,2025-01-29,Straight,27.04
1595,20270.46,36891.89,-16621.43,0.4505,18,56,361.97,283,0.1137,C,12,2024-02-09,2025-01-28,Straight,49.45
1582,19641.89315,37211.86315,-17569.97,0.4722,20,58,338.65,284,0.1102,C,12,2024-02-03,2025-01-25,Flare,30.73
1755,19520.282470000002,36640.69247,-17120.41,0.4673,23,69,282.9,285,0.1095,C,12,2024-02-06,2025-01-21,Wide Leg,29.91
1698,19460.7004,29218.4904,-9757.789999999999,0.334,19,43,452.57,286,0.1091,C,11,2024-03-02,2025-01-25,Straight,30.42
1648,19076.09769,22433.37769,-3357.28,0.1497,20,28,681.29,287,0.107,C,10,2024-02-23,2025-01-29,Straight,39.28
1933,18983.350000000002,24410.940000000002,-5427.59,0.2223,20,32,593.23,288,0.1065,C,11,2024-02-06,2024-12-16,Straight,49.81
1878,18866.34455,23935.35455,-5069.01,0.2118,20,32,589.57,289,0.1058,C,11,2024-02-22,2024-12-26,Slim Straight,32.72
1900,18831.31808,26122.16808,-7290.85,0.2791,20,34,553.86,290,0.1056,C,11,2024-03-31,2025-01-27,Mom,45.09
1580,18661.00528,30229.08528,-11568.08,0.3827,20,41,455.15,291,0.1047,C,12,2024-02-08,2025-01-26,Flare,28.66
1869,18484.36481,36200.89481,-17716.53,0.4894,17,59,313.29,292,0.1037,C,12,2024-02-20,2025-01-18,Mom,45.35
1779,18360.03078,24687.24078,-6327.21,0.2563,18,32,573.75,293,0.103,C,12,2024-02-22,2025-01-14,Flare,34.39
1710,18018.27496,18018.27496,0.0,0.0,19,19,948.33,294,0.1011,C,9,2024-02-12,2024-11-30,Mom,23.32
1742,17487.93057,18361.88057,-873.95,0.0476,19,21,832.76,295,0.0981,C,8,2024-03-10,2025-01-19,Straight,28.56
1567,17466.20868,26547.35868,-9081.15,0.3421,18,38,459.64,296,0.098,C,12,2024-02-01,2025-01-01,Straight,42.69
1880,17230.50094,26648.58094,-9418.08,0.3534,18,37,465.69,297,0.0966,C,11,2024-02-21,2025-01-28,Mom,30.5
1770,17148.41835,17148.41835,0.0,0.0,19,19,902.55,298,0.0962,C,10,2024-02-03,2025-01-12,Flare,36.84
1584,16915.28225,25126.24225,-8210.96,0.3268,15,37,457.17,299,0.0949,C,11,2024-03-05,2025-01-31,Wide Leg,27.95
1785,16881.71605,22008.94605,-5127.23,0.233,19,28,602.92,300,0.0947,C,10,2024-02-21,2025-01-31,Flare,31.0
1635,16531.19152,21094.771520000002,-4563.58,0.2163,17,27,612.27,301,0.0927,C,11,2024-02-09,2025-01-24,Flare,29.77
1571,16454.97953,26239.73953,-9784.76,0.3729,18,38,433.03,302,0.0923,C,11,2024-02-06,2025-01-15,Flare,43.09
1858,16275.464020000001,27454.77402,-11179.31,0.4072,19,47,346.29,303,0.0913,C,12,2024-02-11,2025-01-17,Super Skinny,32.37
1604,16188.390000000001,25833.74,-9645.35,0.3734,15,37,437.52,304,0.0908,C,12,2024-02-18,2025-01-05,Flare,41.4
1918,16165.1943,22246.0743,-6080.88,0.2733,23,41,394.27,305,0.0907,C,11,2024-02-03,2024-12-13,Mom,38.63
1522,16060.84273,26692.56273,-10631.72,0.3983,16,38,422.65,306,0.0901,C,11,2024-02-08,2025-01-25,Slim Straight,33.96
1851,15495.36969,30056.74969,-14561.380000000001,0.4845,21,56,276.7,307,0.0869,C,12,2024-02-25,2025-01-26,Straight,33.3
1587,15280.10719,22322.96719,-7042.860000000001,0.3155,17,31,492.91,308,0.0857,C,11,2024-02-28,2025-01-26,Flare,32.77
1886,15237.17297,32634.70297,-17397.53,0.5331,16,54,282.17,309,0.0855,C,11,2024-02-05,2025-01-30,Slim Straight,39.97
1720,14845.300000000001,21717.95,-6872.65,0.3165,16,32,463.92,310,0.0833,C,10,2024-04-05,2025-01-22,Flare,48.81
1629,14388.551870000001,15301.20187,-912.65,0.0596,13,15,959.24,311,0.0807,C,6,2024-08-21,2025-01-09,Straight,38.22
1569,14178.738080000001,21743.36808,-7564.63,0.3479,14,30,472.62,312,0.0795,C,11,2024-02-02,2025-01-27,Straight,41.72
1761,14015.853140000001,34158.37314,-20142.52,0.5897,13,57,245.89,313,0.0786,C,12,2024-02-09,2025-01-31,Slim Straight,50.59
1568,13843.42301,21799.70301,-7956.280000000001,0.365,13,33,419.5,314,0.0776,C,11,2024-02-18,2025-01-22,Mom,34.15
1642,13827.13626,23886.72626,-10059.59,0.4211,14,36,384.09,315,0.0775,C,7,2024-06-03,2025-01-13,Wide Leg,32.11
1784,13552.600890000002,19691.41089,-6138.8099999999995,0.3118,14,28,484.02,316,0.076,C,10,2024-02-22,2024-12-01,Flare,20.2
1609,13391.353500000001,18848.7935,-5457.4400000000005,0.2895,12,22,608.7,317,0.0751,C,3,2024-11-17,2025-01-29,Flare,38.11
1719,13247.031500000001,15857.3915,-2610.36,0.1646,13,21,630.81,318,0.0743,C,11,2024-02-10,2025-01-24,Flare,42.89
1515,13150.09488,18104.59488,-4954.5,0.2737,14,24,547.92,319,0.0738,C,10,2024-03-31,2025-01-17,Flare,30.61
1733,12998.445070000002,16362.05507,-3363.61,0.2056,17,23,565.15,320,0.0729,C,11,2024-02-18,2025-01-31,Mom,43.25
1781,12963.86603,13782.03603,-818.17,0.0594,14,16,810.24,321,0.0727,C,10,2024-03-24,2025-01-07,Mom,32.65
1531,12745.656630000001,17873.95663,-5128.3,0.2869,14,24,531.07,322,0.0715,C,12,2024-02-07,2025-01-12,Flare,22.54
1881,12439.201860000001,26060.36186,-13621.16,0.5227,16,48,259.15,323,0.0698,C,11,2024-02-16,2025-01-29,Mom,49.46
1724,12236.76654,19463.97654,-7227.21,0.3713,13,27,453.21,324,0.0686,C,11,2024-02-23,2025-01-26,Flare,34.92
1934,12170.773570000001,24225.20357,-12054.43,0.4976,14,38,320.28,325,0.0683,C,11,2024-02-18,2025-01-29,Mom,43.55
1600,11984.57984,20911.76984,-8927.19,0.4269,13,31,386.6,326,0.0672,C,12,2024-02-16,2025-01-23,Wide Leg,26.82
1893,11769.51963,16143.209630000001,-4373.6900000000005,0.2709,11,21,560.45,327,0.066,C,10,2024-02-01,2025-01-26,Flare,27.81
1792,11486.48157,12968.28157,-1481.8,0.1143,15,19,604.55,328,0.0644,C,9,2024-03-10,2025-01-03,Mom,39.56
1697,9767.4993,9767.4993,0.0,0.0,9,9,1085.28,329,0.0548,C,4,2024-10-19,2025-01-17,Straight,51.88
1611,9139.52333,10884.96333,-1745.44,0.1604,9,13,703.04,330,0.0513,C,8,2024-03-10,2025-01-19,Mom,32.0
1745,8963.65,12499.96,-3536.31,0.2829,9,19,471.77,331,0.0503,C,9,2024-02-12,2024-12-14,Slim Straight,30.43
1901,8961.16325,8961.16325,0.0,0.0,4,4,2240.29,332,0.0503,C,3,2024-06-17,2024-12-20,Straight,45.17
1601,8689.88208,14962.552080000001,-6272.67,0.4192,9,21,413.8,333,0.0487,C,7,2024-06-05,2025-01-04,Flare,50.95
1562,8473.97996,13564.839960000001,-5090.86,0.3753,9,19,446.0,334,0.0475,C,11,2024-02-11,2025-01-11,Flare,44.31
1656,8267.89091,11131.72091,-2863.83,0.2573,8,14,590.56,335,0.0464,C,6,2024-07-24,2025-01-01,Straight,56.68
1787,8237.31632,12510.00632,-4272.6900000000005,0.3415,8,16,514.83,336,0.0462,C,8,2024-02-23,2025-01-30,Super Skinny,27.43
1723,8143.4026,9325.2126,-1181.81,0.1267,10,12,678.62,337,0.0457,C,7,2024-02-18,2025-01-23,Mom,35.28
1702,8065.5,9927.19,-1861.69,0.1875,7,11,733.23,338,0.0452,C,3,2024-11-14,2025-01-31,Straight,53.2
1682,7362.52,8612.51,-1249.99,0.1451,7,11,669.32,339,0.0413,C,3,2024-11-14,2025-01-25,Flare,53.74
1668,7084.48273,13963.35273,-6878.87,0.4926,10,26,272.48,340,0.0397,C,6,2024-08-15,2025-01-18,Straight,46.93
1528,7023.78513,13232.78513,-6209.0,0.4692,7,23,305.38,341,0.0394,C,11,2024-02-26,2025-01-24,Flare,49.7
1617,6711.65,7538.91,-827.26,0.1097,6,8,838.96,342,0.0376,C,3,2024-11-29,2025-01-17,Flare,35.66
1683,6541.23,17076.25,-10535.02,0.6169,7,29,225.56,343,0.0367,C,10,2024-02-14,2025-01-29,Flare,42.06
1664,5395.63,6778.13,-1382.5,0.204,4,8,674.45,344,0.0303,C,3,2024-11-13,2025-01-14,Straight,35.98
1783,5286.93124,9659.61124,-4372.68,0.4527,6,16,330.43,345,0.0297,C,9,2024-02-21,2025-01-19,Mom,35.02
1705,3430.8899,3430.8899,0.0,0.0,3,3,1143.63,346,0.0192,C,1,2025-01-12,2025-01-28,Baggy,71.54
1707,3177.5195599999997,3177.5195599999997,0.0,0.0,6,6,529.59,347,0.0178,C,2,2024-12-18,2025-01-28,Wide Leg,77.89
1610,2905.13574,5440.96574,-2535.83,0.4661,3,9,322.79,348,0.0163,C,5,2024-03-03,2024-12-05,Slim Straight,59.36
1606,1272.72,1272.72,0.0,0.0,1,1,1272.72,349,0.0071,C,1,2025-01-31,2025-01-31,Baggy,100.0
1691,1181.81,1181.81,0.0,0.0,1,1,1181.81,350,0.0066,C,1,2025-01-26,2025-01-26,Straight,100.0
